Workbook

Sheet 게임기록
A1: 날짜 | B1: =TODAY()
A2: 닉네임+점수 입력 → 기록 자동 반영 → 승점순위·출석 확인 (Excel 365)
A3: 1게임 | G3: 2게임 | M3: 3게임
A4: # | B4: 닉네임 | C4: 바이인 | D4: 리바인 | E4: 머니인 | G4: # | H4: 닉네임 | I4: 바이인 | J4: 리바인 | K4: 머니인 | M4: # | N4: 닉네임 | O4: 바이인 | P4: 리바인 | Q4: 머니인
A5: 1 | G5: 1 | M5: 1
A6: 2 | G6: 2 | M6: 2
A7: 3 | G7: 3 | M7: 3
A8: 4 | G8: 4 | M8: 4
A9: 5 | G9: 5 | M9: 5
A10: 6 | G10: 6 | M10: 6
A11: 7 | G11: 7 | M11: 7
A12: 8 | G12: 8 | M12: 8
A13: 9 | G13: 9 | M13: 9
A14: 10 | G14: 10 | M14: 10
A15: 11 | G15: 11 | M15: 11
A16: 12 | G16: 12 | M16: 12
... A24: 20 | G24: 20 | M24: 20
A26: 4게임 | G26: 5게임 | M26: 6게임
A27: # | B27: 닉네임 | C27: 바이인 | D27: 리바인 | E27: 머니인 | G27: # | H27: 닉네임 | I27: 바이인 | J27: 리바인 | K27: 머니인 | M27: # | N27: 닉네임 | O27: 바이인 | P27: 리바인 | Q27: 머니인
A28: 1 | G28: 1 | M28: 1
A29: 2 | G29: 2 | M29: 2
A30: 3 | G30: 3 | M30: 3
A31: 4 | G31: 4 | M31: 4
A32: 5 | G32: 5 | M32: 5
A33: 6 | G33: 6 | M33: 6
A34: 7 | G34: 7 | M34: 7
A35: 8 | G35: 8 | M35: 8
A36: 9 | G36: 9 | M36: 9
A37: 10 | G37: 10 | M37: 10
A38: 11 | G38: 11 | M38: 11
A39: 12 | G39: 12 | M39: 12
... A47: 20 | G47: 20 | M47: 20
A49: 7게임 | G49: 8게임 | M49: 9게임
A50: # | B50: 닉네임 | C50: 바이인 | D50: 리바인 | E50: 머니인 | G50: # | H50: 닉네임 | I50: 바이인 | J50: 리바인 | K50: 머니인 | M50: # | N50: 닉네임 | O50: 바이인 | P50: 리바인 | Q50: 머니인
A51: 1 | G51: 1 | M51: 1
A52: 2 | G52: 2 | M52: 2
A53: 3 | G53: 3 | M53: 3
A54: 4 | G54: 4 | M54: 4
A55: 5 | G55: 5 | M55: 5
A56: 6 | G56: 6 | M56: 6
A57: 7 | G57: 7 | M57: 7
A58: 8 | G58: 8 | M58: 8
A59: 9 | G59: 9 | M59: 9
A60: 10 | G60: 10 | M60: 10
A61: 11 | G61: 11 | M61: 11
A62: 12 | G62: 12 | M62: 12
... A70: 20 | G70: 20 | M70: 20

Sheet 기록
A1: 날짜 | B1: 게임 | C1: 닉네임 | D1: 바이인 | E1: 리바인 | F1: 머니인 | G1: 합계
A2: =IF(AND('게임기록'!$B$5<>"",'게임기록'!$C$5+'게임기록'!$D$5+'게임기록'!$E$5>0),'게임기록'!$B$1,"") | B2: =IF($A2="","",1) | C2: =IF($A2="","",'게임기록'!$B$5) | D2: =IF($A2="","",'게임기록'!$C$5) | E2: =IF($A2="","",'게임기록'!$D$5) | F2: =IF($A2="","",'게임기록'!$E$5) | G2: =IF($A2="","",'게임기록'!$C$5+'게임기록'!$D$5+'게임기록'!$E$5)
A3: =IF(AND('게임기록'!$B$6<>"",'게임기록'!$C$6+'게임기록'!$D$6+'게임기록'!$E$6>0),'게임기록'!$B$1,"") | B3: =IF($A3="","",1) | C3: =IF($A3="","",'게임기록'!$B$6) | D3: =IF($A3="","",'게임기록'!$C$6) | E3: =IF($A3="","",'게임기록'!$D$6) | F3: =IF($A3="","",'게임기록'!$E$6) | G3: =IF($A3="","",'게임기록'!$C$6+'게임기록'!$D$6+'게임기록'!$E$6)
A4: =IF(AND('게임기록'!$B$7<>"",'게임기록'!$C$7+'게임기록'!$D$7+'게임기록'!$E$7>0),'게임기록'!$B$1,"") | B4: =IF($A4="","",1) | C4: =IF($A4="","",'게임기록'!$B$7) | D4: =IF($A4="","",'게임기록'!$C$7) | E4: =IF($A4="","",'게임기록'!$D$7) | F4: =IF($A4="","",'게임기록'!$E$7) | G4: =IF($A4="","",'게임기록'!$C$7+'게임기록'!$D$7+'게임기록'!$E$7)
A5: =IF(AND('게임기록'!$B$8<>"",'게임기록'!$C$8+'게임기록'!$D$8+'게임기록'!$E$8>0),'게임기록'!$B$1,"") | B5: =IF($A5="","",1) | C5: =IF($A5="","",'게임기록'!$B$8) | D5: =IF($A5="","",'게임기록'!$C$8) | E5: =IF($A5="","",'게임기록'!$D$8) | F5: =IF($A5="","",'게임기록'!$E$8) | G5: =IF($A5="","",'게임기록'!$C$8+'게임기록'!$D$8+'게임기록'!$E$8)
A6: =IF(AND('게임기록'!$B$9<>"",'게임기록'!$C$9+'게임기록'!$D$9+'게임기록'!$E$9>0),'게임기록'!$B$1,"") | B6: =IF($A6="","",1) | C6: =IF($A6="","",'게임기록'!$B$9) | D6: =IF($A6="","",'게임기록'!$C$9) | E6: =IF($A6="","",'게임기록'!$D$9) | F6: =IF($A6="","",'게임기록'!$E$9) | G6: =IF($A6="","",'게임기록'!$C$9+'게임기록'!$D$9+'게임기록'!$E$9)
A7: =IF(AND('게임기록'!$B$10<>"",'게임기록'!$C$10+'게임기록'!$D$10+'게임기록'!$E$10>0),'게임기록'!$B$1,"") | B7: =IF($A7="","",1) | C7: =IF($A7="","",'게임기록'!$B$10) | D7: =IF($A7="","",'게임기록'!$C$10) | E7: =IF($A7="","",'게임기록'!$D$10) | F7: =IF($A7="","",'게임기록'!$E$10) | G7: =IF($A7="","",'게임기록'!$C$10+'게임기록'!$D$10+'게임기록'!$E$10)
A8: =IF(AND('게임기록'!$B$11<>"",'게임기록'!$C$11+'게임기록'!$D$11+'게임기록'!$E$11>0),'게임기록'!$B$1,"") | B8: =IF($A8="","",1) | C8: =IF($A8="","",'게임기록'!$B$11) | D8: =IF($A8="","",'게임기록'!$C$11) | E8: =IF($A8="","",'게임기록'!$D$11) | F8: =IF($A8="","",'게임기록'!$E$11) | G8: =IF($A8="","",'게임기록'!$C$11+'게임기록'!$D$11+'게임기록'!$E$11)
A9: =IF(AND('게임기록'!$B$12<>"",'게임기록'!$C$12+'게임기록'!$D$12+'게임기록'!$E$12>0),'게임기록'!$B$1,"") | B9: =IF($A9="","",1) | C9: =IF($A9="","",'게임기록'!$B$12) | D9: =IF($A9="","",'게임기록'!$C$12) | E9: =IF($A9="","",'게임기록'!$D$12) | F9: =IF($A9="","",'게임기록'!$E$12) | G9: =IF($A9="","",'게임기록'!$C$12+'게임기록'!$D$12+'게임기록'!$E$12)
A10: =IF(AND('게임기록'!$B$13<>"",'게임기록'!$C$13+'게임기록'!$D$13+'게임기록'!$E$13>0),'게임기록'!$B$1,"") | B10: =IF($A10="","",1) | C10: =IF($A10="","",'게임기록'!$B$13) | D10: =IF($A10="","",'게임기록'!$C$13) | E10: =IF($A10="","",'게임기록'!$D$13) | F10: =IF($A10="","",'게임기록'!$E$13) | G10: =IF($A10="","",'게임기록'!$C$13+'게임기록'!$D$13+'게임기록'!$E$13)
A11: =IF(AND('게임기록'!$B$14<>"",'게임기록'!$C$14+'게임기록'!$D$14+'게임기록'!$E$14>0),'게임기록'!$B$1,"") | B11: =IF($A11="","",1) | C11: =IF($A11="","",'게임기록'!$B$14) | D11: =IF($A11="","",'게임기록'!$C$14) | E11: =IF($A11="","",'게임기록'!$D$14) | F11: =IF($A11="","",'게임기록'!$E$14) | G11: =IF($A11="","",'게임기록'!$C$14+'게임기록'!$D$14+'게임기록'!$E$14)
A12: =IF(AND('게임기록'!$B$15<>"",'게임기록'!$C$15+'게임기록'!$D$15+'게임기록'!$E$15>0),'게임기록'!$B$1,"") | B12: =IF($A12="","",1) | C12: =IF($A12="","",'게임기록'!$B$15) | D12: =IF($A12="","",'게임기록'!$C$15) | E12: =IF($A12="","",'게임기록'!$D$15) | F12: =IF($A12="","",'게임기록'!$E$15) | G12: =IF($A12="","",'게임기록'!$C$15+'게임기록'!$D$15+'게임기록'!$E$15)
A13: =IF(AND('게임기록'!$B$16<>"",'게임기록'!$C$16+'게임기록'!$D$16+'게임기록'!$E$16>0),'게임기록'!$B$1,"") | B13: =IF($A13="","",1) | C13: =IF($A13="","",'게임기록'!$B$16) | D13: =IF($A13="","",'게임기록'!$C$16) | E13: =IF($A13="","",'게임기록'!$D$16) | F13: =IF($A13="","",'게임기록'!$E$16) | G13: =IF($A13="","",'게임기록'!$C$16+'게임기록'!$D$16+'게임기록'!$E$16)
A14: =IF(AND('게임기록'!$B$17<>"",'게임기록'!$C$17+'게임기록'!$D$17+'게임기록'!$E$17>0),'게임기록'!$B$1,"") | B14: =IF($A14="","",1) | C14: =IF($A14="","",'게임기록'!$B$17) | D14: =IF($A14="","",'게임기록'!$C$17) | E14: =IF($A14="","",'게임기록'!$D$17) | F14: =IF($A14="","",'게임기록'!$E$17) | G14: =IF($A14="","",'게임기록'!$C$17+'게임기록'!$D$17+'게임기록'!$E$17)
A15: =IF(AND('게임기록'!$B$18<>"",'게임기록'!$C$18+'게임기록'!$D$18+'게임기록'!$E$18>0),'게임기록'!$B$1,"") | B15: =IF($A15="","",1) | C15: =IF($A15="","",'게임기록'!$B$18) | D15: =IF($A15="","",'게임기록'!$C$18) | E15: =IF($A15="","",'게임기록'!$D$18) | F15: =IF($A15="","",'게임기록'!$E$18) | G15: =IF($A15="","",'게임기록'!$C$18+'게임기록'!$D$18+'게임기록'!$E$18)
A16: =IF(AND('게임기록'!$B$19<>"",'게임기록'!$C$19+'게임기록'!$D$19+'게임기록'!$E$19>0),'게임기록'!$B$1,"") | B16: =IF($A16="","",1) | C16: =IF($A16="","",'게임기록'!$B$19) | D16: =IF($A16="","",'게임기록'!$C$19) | E16: =IF($A16="","",'게임기록'!$D$19) | F16: =IF($A16="","",'게임기록'!$E$19) | G16: =IF($A16="","",'게임기록'!$C$19+'게임기록'!$D$19+'게임기록'!$E$19)
A17: =IF(AND('게임기록'!$B$20<>"",'게임기록'!$C$20+'게임기록'!$D$20+'게임기록'!$E$20>0),'게임기록'!$B$1,"") | B17: =IF($A17="","",1) | C17: =IF($A17="","",'게임기록'!$B$20) | D17: =IF($A17="","",'게임기록'!$C$20) | E17: =IF($A17="","",'게임기록'!$D$20) | F17: =IF($A17="","",'게임기록'!$E$20) | G17: =IF($A17="","",'게임기록'!$C$20+'게임기록'!$D$20+'게임기록'!$E$20)
A18: =IF(AND('게임기록'!$B$21<>"",'게임기록'!$C$21+'게임기록'!$D$21+'게임기록'!$E$21>0),'게임기록'!$B$1,"") | B18: =IF($A18="","",1) | C18: =IF($A18="","",'게임기록'!$B$21) | D18: =IF($A18="","",'게임기록'!$C$21) | E18: =IF($A18="","",'게임기록'!$D$21) | F18: =IF($A18="","",'게임기록'!$E$21) | G18: =IF($A18="","",'게임기록'!$C$21+'게임기록'!$D$21+'게임기록'!$E$21)
A19: =IF(AND('게임기록'!$B$22<>"",'게임기록'!$C$22+'게임기록'!$D$22+'게임기록'!$E$22>0),'게임기록'!$B$1,"") | B19: =IF($A19="","",1) | C19: =IF($A19="","",'게임기록'!$B$22) | D19: =IF($A19="","",'게임기록'!$C$22) | E19: =IF($A19="","",'게임기록'!$D$22) | F19: =IF($A19="","",'게임기록'!$E$22) | G19: =IF($A19="","",'게임기록'!$C$22+'게임기록'!$D$22+'게임기록'!$E$22)
A20: =IF(AND('게임기록'!$B$23<>"",'게임기록'!$C$23+'게임기록'!$D$23+'게임기록'!$E$23>0),'게임기록'!$B$1,"") | B20: =IF($A20="","",1) | C20: =IF($A20="","",'게임기록'!$B$23) | D20: =IF($A20="","",'게임기록'!$C$23) | E20: =IF($A20="","",'게임기록'!$D$23) | F20: =IF($A20="","",'게임기록'!$E$23) | G20: =IF($A20="","",'게임기록'!$C$23+'게임기록'!$D$23+'게임기록'!$E$23)
A21: =IF(AND('게임기록'!$B$24<>"",'게임기록'!$C$24+'게임기록'!$D$24+'게임기록'!$E$24>0),'게임기록'!$B$1,"") | B21: =IF($A21="","",1) | C21: =IF($A21="","",'게임기록'!$B$24) | D21: =IF($A21="","",'게임기록'!$C$24) | E21: =IF($A21="","",'게임기록'!$D$24) | F21: =IF($A21="","",'게임기록'!$E$24) | G21: =IF($A21="","",'게임기록'!$C$24+'게임기록'!$D$24+'게임기록'!$E$24)
A22: =IF(AND('게임기록'!$H$5<>"",'게임기록'!$I$5+'게임기록'!$J$5+'게임기록'!$K$5>0),'게임기록'!$B$1,"") | B22: =IF($A22="","",2) | C22: =IF($A22="","",'게임기록'!$H$5) | D22: =IF($A22="","",'게임기록'!$I$5) | E22: =IF($A22="","",'게임기록'!$J$5) | F22: =IF($A22="","",'게임기록'!$K$5) | G22: =IF($A22="","",'게임기록'!$I$5+'게임기록'!$J$5+'게임기록'!$K$5)
A23: =IF(AND('게임기록'!$H$6<>"",'게임기록'!$I$6+'게임기록'!$J$6+'게임기록'!$K$6>0),'게임기록'!$B$1,"") | B23: =IF($A23="","",2) | C23: =IF($A23="","",'게임기록'!$H$6) | D23: =IF($A23="","",'게임기록'!$I$6) | E23: =IF($A23="","",'게임기록'!$J$6) | F23: =IF($A23="","",'게임기록'!$K$6) | G23: =IF($A23="","",'게임기록'!$I$6+'게임기록'!$J$6+'게임기록'!$K$6)
A24: =IF(AND('게임기록'!$H$7<>"",'게임기록'!$I$7+'게임기록'!$J$7+'게임기록'!$K$7>0),'게임기록'!$B$1,"") | B24: =IF($A24="","",2) | C24: =IF($A24="","",'게임기록'!$H$7) | D24: =IF($A24="","",'게임기록'!$I$7) | E24: =IF($A24="","",'게임기록'!$J$7) | F24: =IF($A24="","",'게임기록'!$K$7) | G24: =IF($A24="","",'게임기록'!$I$7+'게임기록'!$J$7+'게임기록'!$K$7)
A25: =IF(AND('게임기록'!$H$8<>"",'게임기록'!$I$8+'게임기록'!$J$8+'게임기록'!$K$8>0),'게임기록'!$B$1,"") | B25: =IF($A25="","",2) | C25: =IF($A25="","",'게임기록'!$H$8) | D25: =IF($A25="","",'게임기록'!$I$8) | E25: =IF($A25="","",'게임기록'!$J$8) | F25: =IF($A25="","",'게임기록'!$K$8) | G25: =IF($A25="","",'게임기록'!$I$8+'게임기록'!$J$8+'게임기록'!$K$8)
A26: =IF(AND('게임기록'!$H$9<>"",'게임기록'!$I$9+'게임기록'!$J$9+'게임기록'!$K$9>0),'게임기록'!$B$1,"") | B26: =IF($A26="","",2) | C26: =IF($A26="","",'게임기록'!$H$9) | D26: =IF($A26="","",'게임기록'!$I$9) | E26: =IF($A26="","",'게임기록'!$J$9) | F26: =IF($A26="","",'게임기록'!$K$9) | G26: =IF($A26="","",'게임기록'!$I$9+'게임기록'!$J$9+'게임기록'!$K$9)
A27: =IF(AND('게임기록'!$H$10<>"",'게임기록'!$I$10+'게임기록'!$J$10+'게임기록'!$K$10>0),'게임기록'!$B$1,"") | B27: =IF($A27="","",2) | C27: =IF($A27="","",'게임기록'!$H$10) | D27: =IF($A27="","",'게임기록'!$I$10) | E27: =IF($A27="","",'게임기록'!$J$10) | F27: =IF($A27="","",'게임기록'!$K$10) | G27: =IF($A27="","",'게임기록'!$I$10+'게임기록'!$J$10+'게임기록'!$K$10)
A28: =IF(AND('게임기록'!$H$11<>"",'게임기록'!$I$11+'게임기록'!$J$11+'게임기록'!$K$11>0),'게임기록'!$B$1,"") | B28: =IF($A28="","",2) | C28: =IF($A28="","",'게임기록'!$H$11) | D28: =IF($A28="","",'게임기록'!$I$11) | E28: =IF($A28="","",'게임기록'!$J$11) | F28: =IF($A28="","",'게임기록'!$K$11) | G28: =IF($A28="","",'게임기록'!$I$11+'게임기록'!$J$11+'게임기록'!$K$11)
A29: =IF(AND('게임기록'!$H$12<>"",'게임기록'!$I$12+'게임기록'!$J$12+'게임기록'!$K$12>0),'게임기록'!$B$1,"") | B29: =IF($A29="","",2) | C29: =IF($A29="","",'게임기록'!$H$12) | D29: =IF($A29="","",'게임기록'!$I$12) | E29: =IF($A29="","",'게임기록'!$J$12) | F29: =IF($A29="","",'게임기록'!$K$12) | G29: =IF($A29="","",'게임기록'!$I$12+'게임기록'!$J$12+'게임기록'!$K$12)
A30: =IF(AND('게임기록'!$H$13<>"",'게임기록'!$I$13+'게임기록'!$J$13+'게임기록'!$K$13>0),'게임기록'!$B$1,"") | B30: =IF($A30="","",2) | C30: =IF($A30="","",'게임기록'!$H$13) | D30: =IF($A30="","",'게임기록'!$I$13) | E30: =IF($A30="","",'게임기록'!$J$13) | F30: =IF($A30="","",'게임기록'!$K$13) | G30: =IF($A30="","",'게임기록'!$I$13+'게임기록'!$J$13+'게임기록'!$K$13)
A31: =IF(AND('게임기록'!$H$14<>"",'게임기록'!$I$14+'게임기록'!$J$14+'게임기록'!$K$14>0),'게임기록'!$B$1,"") | B31: =IF($A31="","",2) | C31: =IF($A31="","",'게임기록'!$H$14) | D31: =IF($A31="","",'게임기록'!$I$14) | E31: =IF($A31="","",'게임기록'!$J$14) | F31: =IF($A31="","",'게임기록'!$K$14) | G31: =IF($A31="","",'게임기록'!$I$14+'게임기록'!$J$14+'게임기록'!$K$14)
A32: =IF(AND('게임기록'!$H$15<>"",'게임기록'!$I$15+'게임기록'!$J$15+'게임기록'!$K$15>0),'게임기록'!$B$1,"") | B32: =IF($A32="","",2) | C32: =IF($A32="","",'게임기록'!$H$15) | D32: =IF($A32="","",'게임기록'!$I$15) | E32: =IF($A32="","",'게임기록'!$J$15) | F32: =IF($A32="","",'게임기록'!$K$15) | G32: =IF($A32="","",'게임기록'!$I$15+'게임기록'!$J$15+'게임기록'!$K$15)
A33: =IF(AND('게임기록'!$H$16<>"",'게임기록'!$I$16+'게임기록'!$J$16+'게임기록'!$K$16>0),'게임기록'!$B$1,"") | B33: =IF($A33="","",2) | C33: =IF($A33="","",'게임기록'!$H$16) | D33: =IF($A33="","",'게임기록'!$I$16) | E33: =IF($A33="","",'게임기록'!$J$16) | F33: =IF($A33="","",'게임기록'!$K$16) | G33: =IF($A33="","",'게임기록'!$I$16+'게임기록'!$J$16+'게임기록'!$K$16)
A34: =IF(AND('게임기록'!$H$17<>"",'게임기록'!$I$17+'게임기록'!$J$17+'게임기록'!$K$17>0),'게임기록'!$B$1,"") | B34: =IF($A34="","",2) | C34: =IF($A34="","",'게임기록'!$H$17) | D34: =IF($A34="","",'게임기록'!$I$17) | E34: =IF($A34="","",'게임기록'!$J$17) | F34: =IF($A34="","",'게임기록'!$K$17) | G34: =IF($A34="","",'게임기록'!$I$17+'게임기록'!$J$17+'게임기록'!$K$17)
A35: =IF(AND('게임기록'!$H$18<>"",'게임기록'!$I$18+'게임기록'!$J$18+'게임기록'!$K$18>0),'게임기록'!$B$1,"") | B35: =IF($A35="","",2) | C35: =IF($A35="","",'게임기록'!$H$18) | D35: =IF($A35="","",'게임기록'!$I$18) | E35: =IF($A35="","",'게임기록'!$J$18) | F35: =IF($A35="","",'게임기록'!$K$18) | G35: =IF($A35="","",'게임기록'!$I$18+'게임기록'!$J$18+'게임기록'!$K$18)
A36: =IF(AND('게임기록'!$H$19<>"",'게임기록'!$I$19+'게임기록'!$J$19+'게임기록'!$K$19>0),'게임기록'!$B$1,"") | B36: =IF($A36="","",2) | C36: =IF($A36="","",'게임기록'!$H$19) | D36: =IF($A36="","",'게임기록'!$I$19) | E36: =IF($A36="","",'게임기록'!$J$19) | F36: =IF($A36="","",'게임기록'!$K$19) | G36: =IF($A36="","",'게임기록'!$I$19+'게임기록'!$J$19+'게임기록'!$K$19)
A37: =IF(AND('게임기록'!$H$20<>"",'게임기록'!$I$20+'게임기록'!$J$20+'게임기록'!$K$20>0),'게임기록'!$B$1,"") | B37: =IF($A37="","",2) | C37: =IF($A37="","",'게임기록'!$H$20) | D37: =IF($A37="","",'게임기록'!$I$20) | E37: =IF($A37="","",'게임기록'!$J$20) | F37: =IF($A37="","",'게임기록'!$K$20) | G37: =IF($A37="","",'게임기록'!$I$20+'게임기록'!$J$20+'게임기록'!$K$20)
A38: =IF(AND('게임기록'!$H$21<>"",'게임기록'!$I$21+'게임기록'!$J$21+'게임기록'!$K$21>0),'게임기록'!$B$1,"") | B38: =IF($A38="","",2) | C38: =IF($A38="","",'게임기록'!$H$21) | D38: =IF($A38="","",'게임기록'!$I$21) | E38: =IF($A38="","",'게임기록'!$J$21) | F38: =IF($A38="","",'게임기록'!$K$21) | G38: =IF($A38="","",'게임기록'!$I$21+'게임기록'!$J$21+'게임기록'!$K$21)
A39: =IF(AND('게임기록'!$H$22<>"",'게임기록'!$I$22+'게임기록'!$J$22+'게임기록'!$K$22>0),'게임기록'!$B$1,"") | B39: =IF($A39="","",2) | C39: =IF($A39="","",'게임기록'!$H$22) | D39: =IF($A39="","",'게임기록'!$I$22) | E39: =IF($A39="","",'게임기록'!$J$22) | F39: =IF($A39="","",'게임기록'!$K$22) | G39: =IF($A39="","",'게임기록'!$I$22+'게임기록'!$J$22+'게임기록'!$K$22)
A40: =IF(AND('게임기록'!$H$23<>"",'게임기록'!$I$23+'게임기록'!$J$23+'게임기록'!$K$23>0),'게임기록'!$B$1,"") | B40: =IF($A40="","",2) | C40: =IF($A40="","",'게임기록'!$H$23) | D40: =IF($A40="","",'게임기록'!$I$23) | E40: =IF($A40="","",'게임기록'!$J$23) | F40: =IF($A40="","",'게임기록'!$K$23) | G40: =IF($A40="","",'게임기록'!$I$23+'게임기록'!$J$23+'게임기록'!$K$23)
A41: =IF(AND('게임기록'!$H$24<>"",'게임기록'!$I$24+'게임기록'!$J$24+'게임기록'!$K$24>0),'게임기록'!$B$1,"") | B41: =IF($A41="","",2) | C41: =IF($A41="","",'게임기록'!$H$24) | D41: =IF($A41="","",'게임기록'!$I$24) | E41: =IF($A41="","",'게임기록'!$J$24) | F41: =IF($A41="","",'게임기록'!$K$24) | G41: =IF($A41="","",'게임기록'!$I$24+'게임기록'!$J$24+'게임기록'!$K$24)
A42: =IF(AND('게임기록'!$N$5<>"",'게임기록'!$O$5+'게임기록'!$P$5+'게임기록'!$Q$5>0),'게임기록'!$B$1,"") | B42: =IF($A42="","",3) | C42: =IF($A42="","",'게임기록'!$N$5) | D42: =IF($A42="","",'게임기록'!$O$5) | E42: =IF($A42="","",'게임기록'!$P$5) | F42: =IF($A42="","",'게임기록'!$Q$5) | G42: =IF($A42="","",'게임기록'!$O$5+'게임기록'!$P$5+'게임기록'!$Q$5)
A43: =IF(AND('게임기록'!$N$6<>"",'게임기록'!$O$6+'게임기록'!$P$6+'게임기록'!$Q$6>0),'게임기록'!$B$1,"") | B43: =IF($A43="","",3) | C43: =IF($A43="","",'게임기록'!$N$6) | D43: =IF($A43="","",'게임기록'!$O$6) | E43: =IF($A43="","",'게임기록'!$P$6) | F43: =IF($A43="","",'게임기록'!$Q$6) | G43: =IF($A43="","",'게임기록'!$O$6+'게임기록'!$P$6+'게임기록'!$Q$6)
A44: =IF(AND('게임기록'!$N$7<>"",'게임기록'!$O$7+'게임기록'!$P$7+'게임기록'!$Q$7>0),'게임기록'!$B$1,"") | B44: =IF($A44="","",3) | C44: =IF($A44="","",'게임기록'!$N$7) | D44: =IF($A44="","",'게임기록'!$O$7) | E44: =IF($A44="","",'게임기록'!$P$7) | F44: =IF($A44="","",'게임기록'!$Q$7) | G44: =IF($A44="","",'게임기록'!$O$7+'게임기록'!$P$7+'게임기록'!$Q$7)
A45: =IF(AND('게임기록'!$N$8<>"",'게임기록'!$O$8+'게임기록'!$P$8+'게임기록'!$Q$8>0),'게임기록'!$B$1,"") | B45: =IF($A45="","",3) | C45: =IF($A45="","",'게임기록'!$N$8) | D45: =IF($A45="","",'게임기록'!$O$8) | E45: =IF($A45="","",'게임기록'!$P$8) | F45: =IF($A45="","",'게임기록'!$Q$8) | G45: =IF($A45="","",'게임기록'!$O$8+'게임기록'!$P$8+'게임기록'!$Q$8)
A46: =IF(AND('게임기록'!$N$9<>"",'게임기록'!$O$9+'게임기록'!$P$9+'게임기록'!$Q$9>0),'게임기록'!$B$1,"") | B46: =IF($A46="","",3) | C46: =IF($A46="","",'게임기록'!$N$9) | D46: =IF($A46="","",'게임기록'!$O$9) | E46: =IF($A46="","",'게임기록'!$P$9) | F46: =IF($A46="","",'게임기록'!$Q$9) | G46: =IF($A46="","",'게임기록'!$O$9+'게임기록'!$P$9+'게임기록'!$Q$9)
A47: =IF(AND('게임기록'!$N$10<>"",'게임기록'!$O$10+'게임기록'!$P$10+'게임기록'!$Q$10>0),'게임기록'!$B$1,"") | B47: =IF($A47="","",3) | C47: =IF($A47="","",'게임기록'!$N$10) | D47: =IF($A47="","",'게임기록'!$O$10) | E47: =IF($A47="","",'게임기록'!$P$10) | F47: =IF($A47="","",'게임기록'!$Q$10) | G47: =IF($A47="","",'게임기록'!$O$10+'게임기록'!$P$10+'게임기록'!$Q$10)
A48: =IF(AND('게임기록'!$N$11<>"",'게임기록'!$O$11+'게임기록'!$P$11+'게임기록'!$Q$11>0),'게임기록'!$B$1,"") | B48: =IF($A48="","",3) | C48: =IF($A48="","",'게임기록'!$N$11) | D48: =IF($A48="","",'게임기록'!$O$11) | E48: =IF($A48="","",'게임기록'!$P$11) | F48: =IF($A48="","",'게임기록'!$Q$11) | G48: =IF($A48="","",'게임기록'!$O$11+'게임기록'!$P$11+'게임기록'!$Q$11)
A49: =IF(AND('게임기록'!$N$12<>"",'게임기록'!$O$12+'게임기록'!$P$12+'게임기록'!$Q$12>0),'게임기록'!$B$1,"") | B49: =IF($A49="","",3) | C49: =IF($A49="","",'게임기록'!$N$12) | D49: =IF($A49="","",'게임기록'!$O$12) | E49: =IF($A49="","",'게임기록'!$P$12) | F49: =IF($A49="","",'게임기록'!$Q$12) | G49: =IF($A49="","",'게임기록'!$O$12+'게임기록'!$P$12+'게임기록'!$Q$12)
A50: =IF(AND('게임기록'!$N$13<>"",'게임기록'!$O$13+'게임기록'!$P$13+'게임기록'!$Q$13>0),'게임기록'!$B$1,"") | B50: =IF($A50="","",3) | C50: =IF($A50="","",'게임기록'!$N$13) | D50: =IF($A50="","",'게임기록'!$O$13) | E50: =IF($A50="","",'게임기록'!$P$13) | F50: =IF($A50="","",'게임기록'!$Q$13) | G50: =IF($A50="","",'게임기록'!$O$13+'게임기록'!$P$13+'게임기록'!$Q$13)
A51: =IF(AND('게임기록'!$N$14<>"",'게임기록'!$O$14+'게임기록'!$P$14+'게임기록'!$Q$14>0),'게임기록'!$B$1,"") | B51: =IF($A51="","",3) | C51: =IF($A51="","",'게임기록'!$N$14) | D51: =IF($A51="","",'게임기록'!$O$14) | E51: =IF($A51="","",'게임기록'!$P$14) | F51: =IF($A51="","",'게임기록'!$Q$14) | G51: =IF($A51="","",'게임기록'!$O$14+'게임기록'!$P$14+'게임기록'!$Q$14)
A52: =IF(AND('게임기록'!$N$15<>"",'게임기록'!$O$15+'게임기록'!$P$15+'게임기록'!$Q$15>0),'게임기록'!$B$1,"") | B52: =IF($A52="","",3) | C52: =IF($A52="","",'게임기록'!$N$15) | D52: =IF($A52="","",'게임기록'!$O$15) | E52: =IF($A52="","",'게임기록'!$P$15) | F52: =IF($A52="","",'게임기록'!$Q$15) | G52: =IF($A52="","",'게임기록'!$O$15+'게임기록'!$P$15+'게임기록'!$Q$15)
A53: =IF(AND('게임기록'!$N$16<>"",'게임기록'!$O$16+'게임기록'!$P$16+'게임기록'!$Q$16>0),'게임기록'!$B$1,"") | B53: =IF($A53="","",3) | C53: =IF($A53="","",'게임기록'!$N$16) | D53: =IF($A53="","",'게임기록'!$O$16) | E53: =IF($A53="","",'게임기록'!$P$16) | F53: =IF($A53="","",'게임기록'!$Q$16) | G53: =IF($A53="","",'게임기록'!$O$16+'게임기록'!$P$16+'게임기록'!$Q$16)
A54: =IF(AND('게임기록'!$N$17<>"",'게임기록'!$O$17+'게임기록'!$P$17+'게임기록'!$Q$17>0),'게임기록'!$B$1,"") | B54: =IF($A54="","",3) | C54: =IF($A54="","",'게임기록'!$N$17) | D54: =IF($A54="","",'게임기록'!$O$17) | E54: =IF($A54="","",'게임기록'!$P$17) | F54: =IF($A54="","",'게임기록'!$Q$17) | G54: =IF($A54="","",'게임기록'!$O$17+'게임기록'!$P$17+'게임기록'!$Q$17)
A55: =IF(AND('게임기록'!$N$18<>"",'게임기록'!$O$18+'게임기록'!$P$18+'게임기록'!$Q$18>0),'게임기록'!$B$1,"") | B55: =IF($A55="","",3) | C55: =IF($A55="","",'게임기록'!$N$18) | D55: =IF($A55="","",'게임기록'!$O$18) | E55: =IF($A55="","",'게임기록'!$P$18) | F55: =IF($A55="","",'게임기록'!$Q$18) | G55: =IF($A55="","",'게임기록'!$O$18+'게임기록'!$P$18+'게임기록'!$Q$18)
A56: =IF(AND('게임기록'!$N$19<>"",'게임기록'!$O$19+'게임기록'!$P$19+'게임기록'!$Q$19>0),'게임기록'!$B$1,"") | B56: =IF($A56="","",3) | C56: =IF($A56="","",'게임기록'!$N$19) | D56: =IF($A56="","",'게임기록'!$O$19) | E56: =IF($A56="","",'게임기록'!$P$19) | F56: =IF($A56="","",'게임기록'!$Q$19) | G56: =IF($A56="","",'게임기록'!$O$19+'게임기록'!$P$19+'게임기록'!$Q$19)
A57: =IF(AND('게임기록'!$N$20<>"",'게임기록'!$O$20+'게임기록'!$P$20+'게임기록'!$Q$20>0),'게임기록'!$B$1,"") | B57: =IF($A57="","",3) | C57: =IF($A57="","",'게임기록'!$N$20) | D57: =IF($A57="","",'게임기록'!$O$20) | E57: =IF($A57="","",'게임기록'!$P$20) | F57: =IF($A57="","",'게임기록'!$Q$20) | G57: =IF($A57="","",'게임기록'!$O$20+'게임기록'!$P$20+'게임기록'!$Q$20)
A58: =IF(AND('게임기록'!$N$21<>"",'게임기록'!$O$21+'게임기록'!$P$21+'게임기록'!$Q$21>0),'게임기록'!$B$1,"") | B58: =IF($A58="","",3) | C58: =IF($A58="","",'게임기록'!$N$21) | D58: =IF($A58="","",'게임기록'!$O$21) | E58: =IF($A58="","",'게임기록'!$P$21) | F58: =IF($A58="","",'게임기록'!$Q$21) | G58: =IF($A58="","",'게임기록'!$O$21+'게임기록'!$P$21+'게임기록'!$Q$21)
A59: =IF(AND('게임기록'!$N$22<>"",'게임기록'!$O$22+'게임기록'!$P$22+'게임기록'!$Q$22>0),'게임기록'!$B$1,"") | B59: =IF($A59="","",3) | C59: =IF($A59="","",'게임기록'!$N$22) | D59: =IF($A59="","",'게임기록'!$O$22) | E59: =IF($A59="","",'게임기록'!$P$22) | F59: =IF($A59="","",'게임기록'!$Q$22) | G59: =IF($A59="","",'게임기록'!$O$22+'게임기록'!$P$22+'게임기록'!$Q$22)
A60: =IF(AND('게임기록'!$N$23<>"",'게임기록'!$O$23+'게임기록'!$P$23+'게임기록'!$Q$23>0),'게임기록'!$B$1,"") | B60: =IF($A60="","",3) | C60: =IF($A60="","",'게임기록'!$N$23) | D60: =IF($A60="","",'게임기록'!$O$23) | E60: =IF($A60="","",'게임기록'!$P$23) | F60: =IF($A60="","",'게임기록'!$Q$23) | G60: =IF($A60="","",'게임기록'!$O$23+'게임기록'!$P$23+'게임기록'!$Q$23)
A61: =IF(AND('게임기록'!$N$24<>"",'게임기록'!$O$24+'게임기록'!$P$24+'게임기록'!$Q$24>0),'게임기록'!$B$1,"") | B61: =IF($A61="","",3) | C61: =IF($A61="","",'게임기록'!$N$24) | D61: =IF($A61="","",'게임기록'!$O$24) | E61: =IF($A61="","",'게임기록'!$P$24) | F61: =IF($A61="","",'게임기록'!$Q$24) | G61: =IF($A61="","",'게임기록'!$O$24+'게임기록'!$P$24+'게임기록'!$Q$24)
A62: =IF(AND('게임기록'!$B$28<>"",'게임기록'!$C$28+'게임기록'!$D$28+'게임기록'!$E$28>0),'게임기록'!$B$1,"") | B62: =IF($A62="","",4) | C62: =IF($A62="","",'게임기록'!$B$28) | D62: =IF($A62="","",'게임기록'!$C$28) | E62: =IF($A62="","",'게임기록'!$D$28) | F62: =IF($A62="","",'게임기록'!$E$28) | G62: =IF($A62="","",'게임기록'!$C$28+'게임기록'!$D$28+'게임기록'!$E$28)
A63: =IF(AND('게임기록'!$B$29<>"",'게임기록'!$C$29+'게임기록'!$D$29+'게임기록'!$E$29>0),'게임기록'!$B$1,"") | B63: =IF($A63="","",4) | C63: =IF($A63="","",'게임기록'!$B$29) | D63: =IF($A63="","",'게임기록'!$C$29) | E63: =IF($A63="","",'게임기록'!$D$29) | F63: =IF($A63="","",'게임기록'!$E$29) | G63: =IF($A63="","",'게임기록'!$C$29+'게임기록'!$D$29+'게임기록'!$E$29)
A64: =IF(AND('게임기록'!$B$30<>"",'게임기록'!$C$30+'게임기록'!$D$30+'게임기록'!$E$30>0),'게임기록'!$B$1,"") | B64: =IF($A64="","",4) | C64: =IF($A64="","",'게임기록'!$B$30) | D64: =IF($A64="","",'게임기록'!$C$30) | E64: =IF($A64="","",'게임기록'!$D$30) | F64: =IF($A64="","",'게임기록'!$E$30) | G64: =IF($A64="","",'게임기록'!$C$30+'게임기록'!$D$30+'게임기록'!$E$30)
A65: =IF(AND('게임기록'!$B$31<>"",'게임기록'!$C$31+'게임기록'!$D$31+'게임기록'!$E$31>0),'게임기록'!$B$1,"") | B65: =IF($A65="","",4) | C65: =IF($A65="","",'게임기록'!$B$31) | D65: =IF($A65="","",'게임기록'!$C$31) | E65: =IF($A65="","",'게임기록'!$D$31) | F65: =IF($A65="","",'게임기록'!$E$31) | G65: =IF($A65="","",'게임기록'!$C$31+'게임기록'!$D$31+'게임기록'!$E$31)
A66: =IF(AND('게임기록'!$B$32<>"",'게임기록'!$C$32+'게임기록'!$D$32+'게임기록'!$E$32>0),'게임기록'!$B$1,"") | B66: =IF($A66="","",4) | C66: =IF($A66="","",'게임기록'!$B$32) | D66: =IF($A66="","",'게임기록'!$C$32) | E66: =IF($A66="","",'게임기록'!$D$32) | F66: =IF($A66="","",'게임기록'!$E$32) | G66: =IF($A66="","",'게임기록'!$C$32+'게임기록'!$D$32+'게임기록'!$E$32)
A67: =IF(AND('게임기록'!$B$33<>"",'게임기록'!$C$33+'게임기록'!$D$33+'게임기록'!$E$33>0),'게임기록'!$B$1,"") | B67: =IF($A67="","",4) | C67: =IF($A67="","",'게임기록'!$B$33) | D67: =IF($A67="","",'게임기록'!$C$33) | E67: =IF($A67="","",'게임기록'!$D$33) | F67: =IF($A67="","",'게임기록'!$E$33) | G67: =IF($A67="","",'게임기록'!$C$33+'게임기록'!$D$33+'게임기록'!$E$33)
A68: =IF(AND('게임기록'!$B$34<>"",'게임기록'!$C$34+'게임기록'!$D$34+'게임기록'!$E$34>0),'게임기록'!$B$1,"") | B68: =IF($A68="","",4) | C68: =IF($A68="","",'게임기록'!$B$34) | D68: =IF($A68="","",'게임기록'!$C$34) | E68: =IF($A68="","",'게임기록'!$D$34) | F68: =IF($A68="","",'게임기록'!$E$34) | G68: =IF($A68="","",'게임기록'!$C$34+'게임기록'!$D$34+'게임기록'!$E$34)
A69: =IF(AND('게임기록'!$B$35<>"",'게임기록'!$C$35+'게임기록'!$D$35+'게임기록'!$E$35>0),'게임기록'!$B$1,"") | B69: =IF($A69="","",4) | C69: =IF($A69="","",'게임기록'!$B$35) | D69: =IF($A69="","",'게임기록'!$C$35) | E69: =IF($A69="","",'게임기록'!$D$35) | F69: =IF($A69="","",'게임기록'!$E$35) | G69: =IF($A69="","",'게임기록'!$C$35+'게임기록'!$D$35+'게임기록'!$E$35)
A70: =IF(AND('게임기록'!$B$36<>"",'게임기록'!$C$36+'게임기록'!$D$36+'게임기록'!$E$36>0),'게임기록'!$B$1,"") | B70: =IF($A70="","",4) | C70: =IF($A70="","",'게임기록'!$B$36) | D70: =IF($A70="","",'게임기록'!$C$36) | E70: =IF($A70="","",'게임기록'!$D$36) | F70: =IF($A70="","",'게임기록'!$E$36) | G70: =IF($A70="","",'게임기록'!$C$36+'게임기록'!$D$36+'게임기록'!$E$36)
A71: =IF(AND('게임기록'!$B$37<>"",'게임기록'!$C$37+'게임기록'!$D$37+'게임기록'!$E$37>0),'게임기록'!$B$1,"") | B71: =IF($A71="","",4) | C71: =IF($A71="","",'게임기록'!$B$37) | D71: =IF($A71="","",'게임기록'!$C$37) | E71: =IF($A71="","",'게임기록'!$D$37) | F71: =IF($A71="","",'게임기록'!$E$37) | G71: =IF($A71="","",'게임기록'!$C$37+'게임기록'!$D$37+'게임기록'!$E$37)
A72: =IF(AND('게임기록'!$B$38<>"",'게임기록'!$C$38+'게임기록'!$D$38+'게임기록'!$E$38>0),'게임기록'!$B$1,"") | B72: =IF($A72="","",4) | C72: =IF($A72="","",'게임기록'!$B$38) | D72: =IF($A72="","",'게임기록'!$C$38) | E72: =IF($A72="","",'게임기록'!$D$38) | F72: =IF($A72="","",'게임기록'!$E$38) | G72: =IF($A72="","",'게임기록'!$C$38+'게임기록'!$D$38+'게임기록'!$E$38)
A73: =IF(AND('게임기록'!$B$39<>"",'게임기록'!$C$39+'게임기록'!$D$39+'게임기록'!$E$39>0),'게임기록'!$B$1,"") | B73: =IF($A73="","",4) | C73: =IF($A73="","",'게임기록'!$B$39) | D73: =IF($A73="","",'게임기록'!$C$39) | E73: =IF($A73="","",'게임기록'!$D$39) | F73: =IF($A73="","",'게임기록'!$E$39) | G73: =IF($A73="","",'게임기록'!$C$39+'게임기록'!$D$39+'게임기록'!$E$39)
A74: =IF(AND('게임기록'!$B$40<>"",'게임기록'!$C$40+'게임기록'!$D$40+'게임기록'!$E$40>0),'게임기록'!$B$1,"") | B74: =IF($A74="","",4) | C74: =IF($A74="","",'게임기록'!$B$40) | D74: =IF($A74="","",'게임기록'!$C$40) | E74: =IF($A74="","",'게임기록'!$D$40) | F74: =IF($A74="","",'게임기록'!$E$40) | G74: =IF($A74="","",'게임기록'!$C$40+'게임기록'!$D$40+'게임기록'!$E$40)
A75: =IF(AND('게임기록'!$B$41<>"",'게임기록'!$C$41+'게임기록'!$D$41+'게임기록'!$E$41>0),'게임기록'!$B$1,"") | B75: =IF($A75="","",4) | C75: =IF($A75="","",'게임기록'!$B$41) | D75: =IF($A75="","",'게임기록'!$C$41) | E75: =IF($A75="","",'게임기록'!$D$41) | F75: =IF($A75="","",'게임기록'!$E$41) | G75: =IF($A75="","",'게임기록'!$C$41+'게임기록'!$D$41+'게임기록'!$E$41)
A76: =IF(AND('게임기록'!$B$42<>"",'게임기록'!$C$42+'게임기록'!$D$42+'게임기록'!$E$42>0),'게임기록'!$B$1,"") | B76: =IF($A76="","",4) | C76: =IF($A76="","",'게임기록'!$B$42) | D76: =IF($A76="","",'게임기록'!$C$42) | E76: =IF($A76="","",'게임기록'!$D$42) | F76: =IF($A76="","",'게임기록'!$E$42) | G76: =IF($A76="","",'게임기록'!$C$42+'게임기록'!$D$42+'게임기록'!$E$42)
A77: =IF(AND('게임기록'!$B$43<>"",'게임기록'!$C$43+'게임기록'!$D$43+'게임기록'!$E$43>0),'게임기록'!$B$1,"") | B77: =IF($A77="","",4) | C77: =IF($A77="","",'게임기록'!$B$43) | D77: =IF($A77="","",'게임기록'!$C$43) | E77: =IF($A77="","",'게임기록'!$D$43) | F77: =IF($A77="","",'게임기록'!$E$43) | G77: =IF($A77="","",'게임기록'!$C$43+'게임기록'!$D$43+'게임기록'!$E$43)
A78: =IF(AND('게임기록'!$B$44<>"",'게임기록'!$C$44+'게임기록'!$D$44+'게임기록'!$E$44>0),'게임기록'!$B$1,"") | B78: =IF($A78="","",4) | C78: =IF($A78="","",'게임기록'!$B$44) | D78: =IF($A78="","",'게임기록'!$C$44) | E78: =IF($A78="","",'게임기록'!$D$44) | F78: =IF($A78="","",'게임기록'!$E$44) | G78: =IF($A78="","",'게임기록'!$C$44+'게임기록'!$D$44+'게임기록'!$E$44)
A79: =IF(AND('게임기록'!$B$45<>"",'게임기록'!$C$45+'게임기록'!$D$45+'게임기록'!$E$45>0),'게임기록'!$B$1,"") | B79: =IF($A79="","",4) | C79: =IF($A79="","",'게임기록'!$B$45) | D79: =IF($A79="","",'게임기록'!$C$45) | E79: =IF($A79="","",'게임기록'!$D$45) | F79: =IF($A79="","",'게임기록'!$E$45) | G79: =IF($A79="","",'게임기록'!$C$45+'게임기록'!$D$45+'게임기록'!$E$45)
A80: =IF(AND('게임기록'!$B$46<>"",'게임기록'!$C$46+'게임기록'!$D$46+'게임기록'!$E$46>0),'게임기록'!$B$1,"") | B80: =IF($A80="","",4) | C80: =IF($A80="","",'게임기록'!$B$46) | D80: =IF($A80="","",'게임기록'!$C$46) | E80: =IF($A80="","",'게임기록'!$D$46) | F80: =IF($A80="","",'게임기록'!$E$46) | G80: =IF($A80="","",'게임기록'!$C$46+'게임기록'!$D$46+'게임기록'!$E$46)
A81: =IF(AND('게임기록'!$B$47<>"",'게임기록'!$C$47+'게임기록'!$D$47+'게임기록'!$E$47>0),'게임기록'!$B$1,"") | B81: =IF($A81="","",4) | C81: =IF($A81="","",'게임기록'!$B$47) | D81: =IF($A81="","",'게임기록'!$C$47) | E81: =IF($A81="","",'게임기록'!$D$47) | F81: =IF($A81="","",'게임기록'!$E$47) | G81: =IF($A81="","",'게임기록'!$C$47+'게임기록'!$D$47+'게임기록'!$E$47)
A82: =IF(AND('게임기록'!$H$28<>"",'게임기록'!$I$28+'게임기록'!$J$28+'게임기록'!$K$28>0),'게임기록'!$B$1,"") | B82: =IF($A82="","",5) | C82: =IF($A82="","",'게임기록'!$H$28) | D82: =IF($A82="","",'게임기록'!$I$28) | E82: =IF($A82="","",'게임기록'!$J$28) | F82: =IF($A82="","",'게임기록'!$K$28) | G82: =IF($A82="","",'게임기록'!$I$28+'게임기록'!$J$28+'게임기록'!$K$28)
A83: =IF(AND('게임기록'!$H$29<>"",'게임기록'!$I$29+'게임기록'!$J$29+'게임기록'!$K$29>0),'게임기록'!$B$1,"") | B83: =IF($A83="","",5) | C83: =IF($A83="","",'게임기록'!$H$29) | D83: =IF($A83="","",'게임기록'!$I$29) | E83: =IF($A83="","",'게임기록'!$J$29) | F83: =IF($A83="","",'게임기록'!$K$29) | G83: =IF($A83="","",'게임기록'!$I$29+'게임기록'!$J$29+'게임기록'!$K$29)
A84: =IF(AND('게임기록'!$H$30<>"",'게임기록'!$I$30+'게임기록'!$J$30+'게임기록'!$K$30>0),'게임기록'!$B$1,"") | B84: =IF($A84="","",5) | C84: =IF($A84="","",'게임기록'!$H$30) | D84: =IF($A84="","",'게임기록'!$I$30) | E84: =IF($A84="","",'게임기록'!$J$30) | F84: =IF($A84="","",'게임기록'!$K$30) | G84: =IF($A84="","",'게임기록'!$I$30+'게임기록'!$J$30+'게임기록'!$K$30)
A85: =IF(AND('게임기록'!$H$31<>"",'게임기록'!$I$31+'게임기록'!$J$31+'게임기록'!$K$31>0),'게임기록'!$B$1,"") | B85: =IF($A85="","",5) | C85: =IF($A85="","",'게임기록'!$H$31) | D85: =IF($A85="","",'게임기록'!$I$31) | E85: =IF($A85="","",'게임기록'!$J$31) | F85: =IF($A85="","",'게임기록'!$K$31) | G85: =IF($A85="","",'게임기록'!$I$31+'게임기록'!$J$31+'게임기록'!$K$31)
A86: =IF(AND('게임기록'!$H$32<>"",'게임기록'!$I$32+'게임기록'!$J$32+'게임기록'!$K$32>0),'게임기록'!$B$1,"") | B86: =IF($A86="","",5) | C86: =IF($A86="","",'게임기록'!$H$32) | D86: =IF($A86="","",'게임기록'!$I$32) | E86: =IF($A86="","",'게임기록'!$J$32) | F86: =IF($A86="","",'게임기록'!$K$32) | G86: =IF($A86="","",'게임기록'!$I$32+'게임기록'!$J$32+'게임기록'!$K$32)
A87: =IF(AND('게임기록'!$H$33<>"",'게임기록'!$I$33+'게임기록'!$J$33+'게임기록'!$K$33>0),'게임기록'!$B$1,"") | B87: =IF($A87="","",5) | C87: =IF($A87="","",'게임기록'!$H$33) | D87: =IF($A87="","",'게임기록'!$I$33) | E87: =IF($A87="","",'게임기록'!$J$33) | F87: =IF($A87="","",'게임기록'!$K$33) | G87: =IF($A87="","",'게임기록'!$I$33+'게임기록'!$J$33+'게임기록'!$K$33)
A88: =IF(AND('게임기록'!$H$34<>"",'게임기록'!$I$34+'게임기록'!$J$34+'게임기록'!$K$34>0),'게임기록'!$B$1,"") | B88: =IF($A88="","",5) | C88: =IF($A88="","",'게임기록'!$H$34) | D88: =IF($A88="","",'게임기록'!$I$34) | E88: =IF($A88="","",'게임기록'!$J$34) | F88: =IF($A88="","",'게임기록'!$K$34) | G88: =IF($A88="","",'게임기록'!$I$34+'게임기록'!$J$34+'게임기록'!$K$34)
A89: =IF(AND('게임기록'!$H$35<>"",'게임기록'!$I$35+'게임기록'!$J$35+'게임기록'!$K$35>0),'게임기록'!$B$1,"") | B89: =IF($A89="","",5) | C89: =IF($A89="","",'게임기록'!$H$35) | D89: =IF($A89="","",'게임기록'!$I$35) | E89: =IF($A89="","",'게임기록'!$J$35) | F89: =IF($A89="","",'게임기록'!$K$35) | G89: =IF($A89="","",'게임기록'!$I$35+'게임기록'!$J$35+'게임기록'!$K$35)
A90: =IF(AND('게임기록'!$H$36<>"",'게임기록'!$I$36+'게임기록'!$J$36+'게임기록'!$K$36>0),'게임기록'!$B$1,"") | B90: =IF($A90="","",5) | C90: =IF($A90="","",'게임기록'!$H$36) | D90: =IF($A90="","",'게임기록'!$I$36) | E90: =IF($A90="","",'게임기록'!$J$36) | F90: =IF($A90="","",'게임기록'!$K$36) | G90: =IF($A90="","",'게임기록'!$I$36+'게임기록'!$J$36+'게임기록'!$K$36)
A91: =IF(AND('게임기록'!$H$37<>"",'게임기록'!$I$37+'게임기록'!$J$37+'게임기록'!$K$37>0),'게임기록'!$B$1,"") | B91: =IF($A91="","",5) | C91: =IF($A91="","",'게임기록'!$H$37) | D91: =IF($A91="","",'게임기록'!$I$37) | E91: =IF($A91="","",'게임기록'!$J$37) | F91: =IF($A91="","",'게임기록'!$K$37) | G91: =IF($A91="","",'게임기록'!$I$37+'게임기록'!$J$37+'게임기록'!$K$37)
A92: =IF(AND('게임기록'!$H$38<>"",'게임기록'!$I$38+'게임기록'!$J$38+'게임기록'!$K$38>0),'게임기록'!$B$1,"") | B92: =IF($A92="","",5) | C92: =IF($A92="","",'게임기록'!$H$38) | D92: =IF($A92="","",'게임기록'!$I$38) | E92: =IF($A92="","",'게임기록'!$J$38) | F92: =IF($A92="","",'게임기록'!$K$38) | G92: =IF($A92="","",'게임기록'!$I$38+'게임기록'!$J$38+'게임기록'!$K$38)
A93: =IF(AND('게임기록'!$H$39<>"",'게임기록'!$I$39+'게임기록'!$J$39+'게임기록'!$K$39>0),'게임기록'!$B$1,"") | B93: =IF($A93="","",5) | C93: =IF($A93="","",'게임기록'!$H$39) | D93: =IF($A93="","",'게임기록'!$I$39) | E93: =IF($A93="","",'게임기록'!$J$39) | F93: =IF($A93="","",'게임기록'!$K$39) | G93: =IF($A93="","",'게임기록'!$I$39+'게임기록'!$J$39+'게임기록'!$K$39)
A94: =IF(AND('게임기록'!$H$40<>"",'게임기록'!$I$40+'게임기록'!$J$40+'게임기록'!$K$40>0),'게임기록'!$B$1,"") | B94: =IF($A94="","",5) | C94: =IF($A94="","",'게임기록'!$H$40) | D94: =IF($A94="","",'게임기록'!$I$40) | E94: =IF($A94="","",'게임기록'!$J$40) | F94: =IF($A94="","",'게임기록'!$K$40) | G94: =IF($A94="","",'게임기록'!$I$40+'게임기록'!$J$40+'게임기록'!$K$40)
A95: =IF(AND('게임기록'!$H$41<>"",'게임기록'!$I$41+'게임기록'!$J$41+'게임기록'!$K$41>0),'게임기록'!$B$1,"") | B95: =IF($A95="","",5) | C95: =IF($A95="","",'게임기록'!$H$41) | D95: =IF($A95="","",'게임기록'!$I$41) | E95: =IF($A95="","",'게임기록'!$J$41) | F95: =IF($A95="","",'게임기록'!$K$41) | G95: =IF($A95="","",'게임기록'!$I$41+'게임기록'!$J$41+'게임기록'!$K$41)
A96: =IF(AND('게임기록'!$H$42<>"",'게임기록'!$I$42+'게임기록'!$J$42+'게임기록'!$K$42>0),'게임기록'!$B$1,"") | B96: =IF($A96="","",5) | C96: =IF($A96="","",'게임기록'!$H$42) | D96: =IF($A96="","",'게임기록'!$I$42) | E96: =IF($A96="","",'게임기록'!$J$42) | F96: =IF($A96="","",'게임기록'!$K$42) | G96: =IF($A96="","",'게임기록'!$I$42+'게임기록'!$J$42+'게임기록'!$K$42)
A97: =IF(AND('게임기록'!$H$43<>"",'게임기록'!$I$43+'게임기록'!$J$43+'게임기록'!$K$43>0),'게임기록'!$B$1,"") | B97: =IF($A97="","",5) | C97: =IF($A97="","",'게임기록'!$H$43) | D97: =IF($A97="","",'게임기록'!$I$43) | E97: =IF($A97="","",'게임기록'!$J$43) | F97: =IF($A97="","",'게임기록'!$K$43) | G97: =IF($A97="","",'게임기록'!$I$43+'게임기록'!$J$43+'게임기록'!$K$43)
A98: =IF(AND('게임기록'!$H$44<>"",'게임기록'!$I$44+'게임기록'!$J$44+'게임기록'!$K$44>0),'게임기록'!$B$1,"") | B98: =IF($A98="","",5) | C98: =IF($A98="","",'게임기록'!$H$44) | D98: =IF($A98="","",'게임기록'!$I$44) | E98: =IF($A98="","",'게임기록'!$J$44) | F98: =IF($A98="","",'게임기록'!$K$44) | G98: =IF($A98="","",'게임기록'!$I$44+'게임기록'!$J$44+'게임기록'!$K$44)
A99: =IF(AND('게임기록'!$H$45<>"",'게임기록'!$I$45+'게임기록'!$J$45+'게임기록'!$K$45>0),'게임기록'!$B$1,"") | B99: =IF($A99="","",5) | C99: =IF($A99="","",'게임기록'!$H$45) | D99: =IF($A99="","",'게임기록'!$I$45) | E99: =IF($A99="","",'게임기록'!$J$45) | F99: =IF($A99="","",'게임기록'!$K$45) | G99: =IF($A99="","",'게임기록'!$I$45+'게임기록'!$J$45+'게임기록'!$K$45)
A100: =IF(AND('게임기록'!$H$46<>"",'게임기록'!$I$46+'게임기록'!$J$46+'게임기록'!$K$46>0),'게임기록'!$B$1,"") | B100: =IF($A100="","",5) | C100: =IF($A100="","",'게임기록'!$H$46) | D100: =IF($A100="","",'게임기록'!$I$46) | E100: =IF($A100="","",'게임기록'!$J$46) | F100: =IF($A100="","",'게임기록'!$K$46) | G100: =IF($A100="","",'게임기록'!$I$46+'게임기록'!$J$46+'게임기록'!$K$46)
...

Sheet 승점순위
A1: 기간 시작 | B1: =DATE(YEAR(TODAY()),MONTH(TODAY()),1)
A2: 기간 종료 | B2: =EOMONTH(B1,0)
A3: 총점 내림차순 · 출석일=서로 다른 날짜 수
A4: 순위 | B4: 닉네임 | C4: 총점 | D4: 출석일
A5: =IFERROR(INDEX($N$5:$Q$204,1,1),"") | B5: =IFERROR(INDEX($N$5:$Q$204,1,2),"") | C5: =IFERROR(INDEX($N$5:$Q$204,1,3),"") | D5: =IFERROR(INDEX($N$5:$Q$204,1,4),"") | H5: =IF(I5="","",1) | I5: =IFERROR(INDEX(_xlfn.UNIQUE(_xlfn.FILTER('기록'!$C$2:$C$181,('기록'!$C$2:$C$181<>"")*('기록'!$A$2:$A$181>=$B$1)*('기록'!$A$2:$A$181<=$B$2))),1),"") | J5: =IF(I5="","",SUMIFS('기록'!$G:$G,'기록'!$C:$C,I5,'기록'!$A:$A,">="&$B$1,'기록'!$A:$A,"<="&$B$2)) | K5: =IF(I5="","",COUNTA(_xlfn.UNIQUE(_xlfn.FILTER('기록'!$A:$A,(('기록'!$C:$C=I5)*('기록'!$A:$A>=$B$1)*('기록'!$A:$A<=$B$2)))))) | L5: =IF(I5="","",J5) | N5: =_xlfn.SORTBY(H5:L204,L5:L204,-1)
A6: =IFERROR(INDEX($N$5:$Q$204,2,1),"") | B6: =IFERROR(INDEX($N$5:$Q$204,2,2),"") | C6: =IFERROR(INDEX($N$5:$Q$204,2,3),"") | D6: =IFERROR(INDEX($N$5:$Q$204,2,4),"") | H6: =IF(I6="","",2) | I6: =IFERROR(INDEX(_xlfn.UNIQUE(_xlfn.FILTER('기록'!$C$2:$C$181,('기록'!$C$2:$C$181<>"")*('기록'!$A$2:$A$181>=$B$1)*('기록'!$A$2:$A$181<=$B$2))),2),"") | J6: =IF(I6="","",SUMIFS('기록'!$G:$G,'기록'!$C:$C,I6,'기록'!$A:$A,">="&$B$1,'기록'!$A:$A,"<="&$B$2)) | K6: =IF(I6="","",COUNTA(_xlfn.UNIQUE(_xlfn.FILTER('기록'!$A:$A,(('기록'!$C:$C=I6)*('기록'!$A:$A>=$B$1)*('기록'!$A:$A<=$B$2)))))) | L6: =IF(I6="","",J6)
A7: =IFERROR(INDEX($N$5:$Q$204,3,1),"") | B7: =IFERROR(INDEX($N$5:$Q$204,3,2),"") | C7: =IFERROR(INDEX($N$5:$Q$204,3,3),"") | D7: =IFERROR(INDEX($N$5:$Q$204,3,4),"") | H7: =IF(I7="","",3) | I7: =IFERROR(INDEX(_xlfn.UNIQUE(_xlfn.FILTER('기록'!$C$2:$C$181,('기록'!$C$2:$C$181<>"")*('기록'!$A$2:$A$181>=$B$1)*('기록'!$A$2:$A$181<=$B$2))),3),"") | J7: =IF(I7="","",SUMIFS('기록'!$G:$G,'기록'!$C:$C,I7,'기록'!$A:$A,">="&$B$1,'기록'!$A:$A,"<="&$B$2)) | K7: =IF(I7="","",COUNTA(_xlfn.UNIQUE(_xlfn.FILTER('기록'!$A:$A,(('기록'!$C:$C=I7)*('기록'!$A:$A>=$B$1)*('기록'!$A:$A<=$B$2)))))) | L7: =IF(I7="","",J7)
A8: =IFERROR(INDEX($N$5:$Q$204,4,1),"") | B8: =IFERROR(INDEX($N$5:$Q$204,4,2),"") | C8: =IFERROR(INDEX($N$5:$Q$204,4,3),"") | D8: =IFERROR(INDEX($N$5:$Q$204,4,4),"") | H8: =IF(I8="","",4) | I8: =IFERROR(INDEX(_xlfn.UNIQUE(_xlfn.FILTER('기록'!$C$2:$C$181,('기록'!$C$2:$C$181<>"")*('기록'!$A$2:$A$181>=$B$1)*('기록'!$A$2:$A$181<=$B$2))),4),"") | J8: =IF(I8="","",SUMIFS('기록'!$G:$G,'기록'!$C:$C,I8,'기록'!$A:$A,">="&$B$1,'기록'!$A:$A,"<="&$B$2)) | K8: =IF(I8="","",COUNTA(_xlfn.UNIQUE(_xlfn.FILTER('기록'!$A:$A,(('기록'!$C:$C=I8)*('기록'!$A:$A>=$B$1)*('기록'!$A:$A<=$B$2)))))) | L8: =IF(I8="","",J8)
A9: =IFERROR(INDEX($N$5:$Q$204,5,1),"") | B9: =IFERROR(INDEX($N$5:$Q$204,5,2),"") | C9: =IFERROR(INDEX($N$5:$Q$204,5,3),"") | D9: =IFERROR(INDEX($N$5:$Q$204,5,4),"") | H9: =IF(I9="","",5) | I9: =IFERROR(INDEX(_xlfn.UNIQUE(_xlfn.FILTER('기록'!$C$2:$C$181,('기록'!$C$2:$C$181<>"")*('기록'!$A$2:$A$181>=$B$1)*('기록'!$A$2:$A$181<=$B$2))),5),"") | J9: =IF(I9="","",SUMIFS('기록'!$G:$G,'기록'!$C:$C,I9,'기록'!$A:$A,">="&$B$1,'기록'!$A:$A,"<="&$B$2)) | K9: =IF(I9="","",COUNTA(_xlfn.UNIQUE(_xlfn.FILTER('기록'!$A:$A,(('기록'!$C:$C=I9)*('기록'!$A:$A>=$B$1)*('기록'!$A:$A<=$B$2)))))) | L9: =IF(I9="","",J9)
A10: =IFERROR(INDEX($N$5:$Q$204,6,1),"") | B10: =IFERROR(INDEX($N$5:$Q$204,6,2),"") | C10: =IFERROR(INDEX($N$5:$Q$204,6,3),"") | D10: =IFERROR(INDEX($N$5:$Q$204,6,4),"") | H10: =IF(I10="","",6) | I10: =IFERROR(INDEX(_xlfn.UNIQUE(_xlfn.FILTER('기록'!$C$2:$C$181,('기록'!$C$2:$C$181<>"")*('기록'!$A$2:$A$181>=$B$1)*('기록'!$A$2:$A$181<=$B$2))),6),"") | J10: =IF(I10="","",SUMIFS('기록'!$G:$G,'기록'!$C:$C,I10,'기록'!$A:$A,">="&$B$1,'기록'!$A:$A,"<="&$B$2)) | K10: =IF(I10="","",COUNTA(_xlfn.UNIQUE(_xlfn.FILTER('기록'!$A:$A,(('기록'!$C:$C=I10)*('기록'!$A:$A>=$B$1)*('기록'!$A:$A<=$B$2)))))) | L10: =IF(I10="","",J10)
A11: =IFERROR(INDEX($N$5:$Q$204,7,1),"") | B11: =IFERROR(INDEX($N$5:$Q$204,7,2),"") | C11: =IFERROR(INDEX($N$5:$Q$204,7,3),"") | D11: =IFERROR(INDEX($N$5:$Q$204,7,4),"") | H11: =IF(I11="","",7) | I11: =IFERROR(INDEX(_xlfn.UNIQUE(_xlfn.FILTER('기록'!$C$2:$C$181,('기록'!$C$2:$C$181<>"")*('기록'!$A$2:$A$181>=$B$1)*('기록'!$A$2:$A$181<=$B$2))),7),"") | J11: =IF(I11="","",SUMIFS('기록'!$G:$G,'기록'!$C:$C,I11,'기록'!$A:$A,">="&$B$1,'기록'!$A:$A,"<="&$B$2)) | K11: =IF(I11="","",COUNTA(_xlfn.UNIQUE(_xlfn.FILTER('기록'!$A:$A,(('기록'!$C:$C=I11)*('기록'!$A:$A>=$B$1)*('기록'!$A:$A<=$B$2)))))) | L11: =IF(I11="","",J11)
A12: =IFERROR(INDEX($N$5:$Q$204,8,1),"") | B12: =IFERROR(INDEX($N$5:$Q$204,8,2),"") | C12: =IFERROR(INDEX($N$5:$Q$204,8,3),"") | D12: =IFERROR(INDEX($N$5:$Q$204,8,4),"") | H12: =IF(I12="","",8) | I12: =IFERROR(INDEX(_xlfn.UNIQUE(_xlfn.FILTER('기록'!$C$2:$C$181,('기록'!$C$2:$C$181<>"")*('기록'!$A$2:$A$181>=$B$1)*('기록'!$A$2:$A$181<=$B$2))),8),"") | J12: =IF(I12="","",SUMIFS('기록'!$G:$G,'기록'!$C:$C,I12,'기록'!$A:$A,">="&$B$1,'기록'!$A:$A,"<="&$B$2)) | K12: =IF(I12="","",COUNTA(_xlfn.UNIQUE(_xlfn.FILTER('기록'!$A:$A,(('기록'!$C:$C=I12)*('기록'!$A:$A>=$B$1)*('기록'!$A:$A<=$B$2)))))) | L12: =IF(I12="","",J12)
A13: =IFERROR(INDEX($N$5:$Q$204,9,1),"") | B13: =IFERROR(INDEX($N$5:$Q$204,9,2),"") | C13: =IFERROR(INDEX($N$5:$Q$204,9,3),"") | D13: =IFERROR(INDEX($N$5:$Q$204,9,4),"") | H13: =IF(I13="","",9) | I13: =IFERROR(INDEX(_xlfn.UNIQUE(_xlfn.FILTER('기록'!$C$2:$C$181,('기록'!$C$2:$C$181<>"")*('기록'!$A$2:$A$181>=$B$1)*('기록'!$A$2:$A$181<=$B$2))),9),"") | J13: =IF(I13="","",SUMIFS('기록'!$G:$G,'기록'!$C:$C,I13,'기록'!$A:$A,">="&$B$1,'기록'!$A:$A,"<="&$B$2)) | K13: =IF(I13="","",COUNTA(_xlfn.UNIQUE(_xlfn.FILTER('기록'!$A:$A,(('기록'!$C:$C=I13)*('기록'!$A:$A>=$B$1)*('기록'!$A:$A<=$B$2)))))) | L13: =IF(I13="","",J13)
A14: =IFERROR(INDEX($N$5:$Q$204,10,1),"") | B14: =IFERROR(INDEX($N$5:$Q$204,10,2),"") | C14: =IFERROR(INDEX($N$5:$Q$204,10,3),"") | D14: =IFERROR(INDEX($N$5:$Q$204,10,4),"") | H14: =IF(I14="","",10) | I14: =IFERROR(INDEX(_xlfn.UNIQUE(_xlfn.FILTER('기록'!$C$2:$C$181,('기록'!$C$2:$C$181<>"")*('기록'!$A$2:$A$181>=$B$1)*('기록'!$A$2:$A$181<=$B$2))),10),"") | J14: =IF(I14="","",SUMIFS('기록'!$G:$G,'기록'!$C:$C,I14,'기록'!$A:$A,">="&$B$1,'기록'!$A:$A,"<="&$B$2)) | K14: =IF(I14="","",COUNTA(_xlfn.UNIQUE(_xlfn.FILTER('기록'!$A:$A,(('기록'!$C:$C=I14)*('기록'!$A:$A>=$B$1)*('기록'!$A:$A<=$B$2)))))) | L14: =IF(I14="","",J14)
A15: =IFERROR(INDEX($N$5:$Q$204,11,1),"") | B15: =IFERROR(INDEX($N$5:$Q$204,11,2),"") | C15: =IFERROR(INDEX($N$5:$Q$204,11,3),"") | D15: =IFERROR(INDEX($N$5:$Q$204,11,4),"") | H15: =IF(I15="","",11) | I15: =IFERROR(INDEX(_xlfn.UNIQUE(_xlfn.FILTER('기록'!$C$2:$C$181,('기록'!$C$2:$C$181<>"")*('기록'!$A$2:$A$181>=$B$1)*('기록'!$A$2:$A$181<=$B$2))),11),"") | J15: =IF(I15="","",SUMIFS('기록'!$G:$G,'기록'!$C:$C,I15,'기록'!$A:$A,">="&$B$1,'기록'!$A:$A,"<="&$B$2)) | K15: =IF(I15="","",COUNTA(_xlfn.UNIQUE(_xlfn.FILTER('기록'!$A:$A,(('기록'!$C:$C=I15)*('기록'!$A:$A>=$B$1)*('기록'!$A:$A<=$B$2)))))) | L15: =IF(I15="","",J15)
A16: =IFERROR(INDEX($N$5:$Q$204,12,1),"") | B16: =IFERROR(INDEX($N$5:$Q$204,12,2),"") | C16: =IFERROR(INDEX($N$5:$Q$204,12,3),"") | D16: =IFERROR(INDEX($N$5:$Q$204,12,4),"") | H16: =IF(I16="","",12) | I16: =IFERROR(INDEX(_xlfn.UNIQUE(_xlfn.FILTER('기록'!$C$2:$C$181,('기록'!$C$2:$C$181<>"")*('기록'!$A$2:$A$181>=$B$1)*('기록'!$A$2:$A$181<=$B$2))),12),"") | J16: =IF(I16="","",SUMIFS('기록'!$G:$G,'기록'!$C:$C,I16,'기록'!$A:$A,">="&$B$1,'기록'!$A:$A,"<="&$B$2)) | K16: =IF(I16="","",COUNTA(_xlfn.UNIQUE(_xlfn.FILTER('기록'!$A:$A,(('기록'!$C:$C=I16)*('기록'!$A:$A>=$B$1)*('기록'!$A:$A<=$B$2)))))) | L16: =IF(I16="","",J16)
A17: =IFERROR(INDEX($N$5:$Q$204,13,1),"") | B17: =IFERROR(INDEX($N$5:$Q$204,13,2),"") | C17: =IFERROR(INDEX($N$5:$Q$204,13,3),"") | D17: =IFERROR(INDEX($N$5:$Q$204,13,4),"") | H17: =IF(I17="","",13) | I17: =IFERROR(INDEX(_xlfn.UNIQUE(_xlfn.FILTER('기록'!$C$2:$C$181,('기록'!$C$2:$C$181<>"")*('기록'!$A$2:$A$181>=$B$1)*('기록'!$A$2:$A$181<=$B$2))),13),"") | J17: =IF(I17="","",SUMIFS('기록'!$G:$G,'기록'!$C:$C,I17,'기록'!$A:$A,">="&$B$1,'기록'!$A:$A,"<="&$B$2)) | K17: =IF(I17="","",COUNTA(_xlfn.UNIQUE(_xlfn.FILTER('기록'!$A:$A,(('기록'!$C:$C=I17)*('기록'!$A:$A>=$B$1)*('기록'!$A:$A<=$B$2)))))) | L17: =IF(I17="","",J17)
A18: =IFERROR(INDEX($N$5:$Q$204,14,1),"") | B18: =IFERROR(INDEX($N$5:$Q$204,14,2),"") | C18: =IFERROR(INDEX($N$5:$Q$204,14,3),"") | D18: =IFERROR(INDEX($N$5:$Q$204,14,4),"") | H18: =IF(I18="","",14) | I18: =IFERROR(INDEX(_xlfn.UNIQUE(_xlfn.FILTER('기록'!$C$2:$C$181,('기록'!$C$2:$C$181<>"")*('기록'!$A$2:$A$181>=$B$1)*('기록'!$A$2:$A$181<=$B$2))),14),"") | J18: =IF(I18="","",SUMIFS('기록'!$G:$G,'기록'!$C:$C,I18,'기록'!$A:$A,">="&$B$1,'기록'!$A:$A,"<="&$B$2)) | K18: =IF(I18="","",COUNTA(_xlfn.UNIQUE(_xlfn.FILTER('기록'!$A:$A,(('기록'!$C:$C=I18)*('기록'!$A:$A>=$B$1)*('기록'!$A:$A<=$B$2)))))) | L18: =IF(I18="","",J18)
A19: =IFERROR(INDEX($N$5:$Q$204,15,1),"") | B19: =IFERROR(INDEX($N$5:$Q$204,15,2),"") | C19: =IFERROR(INDEX($N$5:$Q$204,15,3),"") | D19: =IFERROR(INDEX($N$5:$Q$204,15,4),"") | H19: =IF(I19="","",15) | I19: =IFERROR(INDEX(_xlfn.UNIQUE(_xlfn.FILTER('기록'!$C$2:$C$181,('기록'!$C$2:$C$181<>"")*('기록'!$A$2:$A$181>=$B$1)*('기록'!$A$2:$A$181<=$B$2))),15),"") | J19: =IF(I19="","",SUMIFS('기록'!$G:$G,'기록'!$C:$C,I19,'기록'!$A:$A,">="&$B$1,'기록'!$A:$A,"<="&$B$2)) | K19: =IF(I19="","",COUNTA(_xlfn.UNIQUE(_xlfn.FILTER('기록'!$A:$A,(('기록'!$C:$C=I19)*('기록'!$A:$A>=$B$1)*('기록'!$A:$A<=$B$2)))))) | L19: =IF(I19="","",J19)
A20: =IFERROR(INDEX($N$5:$Q$204,16,1),"") | B20: =IFERROR(INDEX($N$5:$Q$204,16,2),"") | C20: =IFERROR(INDEX($N$5:$Q$204,16,3),"") | D20: =IFERROR(INDEX($N$5:$Q$204,16,4),"") | H20: =IF(I20="","",16) | I20: =IFERROR(INDEX(_xlfn.UNIQUE(_xlfn.FILTER('기록'!$C$2:$C$181,('기록'!$C$2:$C$181<>"")*('기록'!$A$2:$A$181>=$B$1)*('기록'!$A$2:$A$181<=$B$2))),16),"") | J20: =IF(I20="","",SUMIFS('기록'!$G:$G,'기록'!$C:$C,I20,'기록'!$A:$A,">="&$B$1,'기록'!$A:$A,"<="&$B$2)) | K20: =IF(I20="","",COUNTA(_xlfn.UNIQUE(_xlfn.FILTER('기록'!$A:$A,(('기록'!$C:$C=I20)*('기록'!$A:$A>=$B$1)*('기록'!$A:$A<=$B$2)))))) | L20: =IF(I20="","",J20)
A21: =IFERROR(INDEX($N$5:$Q$204,17,1),"") | B21: =IFERROR(INDEX($N$5:$Q$204,17,2),"") | C21: =IFERROR(INDEX($N$5:$Q$204,17,3),"") | D21: =IFERROR(INDEX($N$5:$Q$204,17,4),"") | H21: =IF(I21="","",17) | I21: =IFERROR(INDEX(_xlfn.UNIQUE(_xlfn.FILTER('기록'!$C$2:$C$181,('기록'!$C$2:$C$181<>"")*('기록'!$A$2:$A$181>=$B$1)*('기록'!$A$2:$A$181<=$B$2))),17),"") | J21: =IF(I21="","",SUMIFS('기록'!$G:$G,'기록'!$C:$C,I21,'기록'!$A:$A,">="&$B$1,'기록'!$A:$A,"<="&$B$2)) | K21: =IF(I21="","",COUNTA(_xlfn.UNIQUE(_xlfn.FILTER('기록'!$A:$A,(('기록'!$C:$C=I21)*('기록'!$A:$A>=$B$1)*('기록'!$A:$A<=$B$2)))))) | L21: =IF(I21="","",J21)
A22: =IFERROR(INDEX($N$5:$Q$204,18,1),"") | B22: =IFERROR(INDEX($N$5:$Q$204,18,2),"") | C22: =IFERROR(INDEX($N$5:$Q$204,18,3),"") | D22: =IFERROR(INDEX($N$5:$Q$204,18,4),"") | H22: =IF(I22="","",18) | I22: =IFERROR(INDEX(_xlfn.UNIQUE(_xlfn.FILTER('기록'!$C$2:$C$181,('기록'!$C$2:$C$181<>"")*('기록'!$A$2:$A$181>=$B$1)*('기록'!$A$2:$A$181<=$B$2))),18),"") | J22: =IF(I22="","",SUMIFS('기록'!$G:$G,'기록'!$C:$C,I22,'기록'!$A:$A,">="&$B$1,'기록'!$A:$A,"<="&$B$2)) | K22: =IF(I22="","",COUNTA(_xlfn.UNIQUE(_xlfn.FILTER('기록'!$A:$A,(('기록'!$C:$C=I22)*('기록'!$A:$A>=$B$1)*('기록'!$A:$A<=$B$2)))))) | L22: =IF(I22="","",J22)
A23: =IFERROR(INDEX($N$5:$Q$204,19,1),"") | B23: =IFERROR(INDEX($N$5:$Q$204,19,2),"") | C23: =IFERROR(INDEX($N$5:$Q$204,19,3),"") | D23: =IFERROR(INDEX($N$5:$Q$204,19,4),"") | H23: =IF(I23="","",19) | I23: =IFERROR(INDEX(_xlfn.UNIQUE(_xlfn.FILTER('기록'!$C$2:$C$181,('기록'!$C$2:$C$181<>"")*('기록'!$A$2:$A$181>=$B$1)*('기록'!$A$2:$A$181<=$B$2))),19),"") | J23: =IF(I23="","",SUMIFS('기록'!$G:$G,'기록'!$C:$C,I23,'기록'!$A:$A,">="&$B$1,'기록'!$A:$A,"<="&$B$2)) | K23: =IF(I23="","",COUNTA(_xlfn.UNIQUE(_xlfn.FILTER('기록'!$A:$A,(('기록'!$C:$C=I23)*('기록'!$A:$A>=$B$1)*('기록'!$A:$A<=$B$2)))))) | L23: =IF(I23="","",J23)
A24: =IFERROR(INDEX($N$5:$Q$204,20,1),"") | B24: =IFERROR(INDEX($N$5:$Q$204,20,2),"") | C24: =IFERROR(INDEX($N$5:$Q$204,20,3),"") | D24: =IFERROR(INDEX($N$5:$Q$204,20,4),"") | H24: =IF(I24="","",20) | I24: =IFERROR(INDEX(_xlfn.UNIQUE(_xlfn.FILTER('기록'!$C$2:$C$181,('기록'!$C$2:$C$181<>"")*('기록'!$A$2:$A$181>=$B$1)*('기록'!$A$2:$A$181<=$B$2))),20),"") | J24: =IF(I24="","",SUMIFS('기록'!$G:$G,'기록'!$C:$C,I24,'기록'!$A:$A,">="&$B$1,'기록'!$A:$A,"<="&$B$2)) | K24: =IF(I24="","",COUNTA(_xlfn.UNIQUE(_xlfn.FILTER('기록'!$A:$A,(('기록'!$C:$C=I24)*('기록'!$A:$A>=$B$1)*('기록'!$A:$A<=$B$2)))))) | L24: =IF(I24="","",J24)
A25: =IFERROR(INDEX($N$5:$Q$204,21,1),"") | B25: =IFERROR(INDEX($N$5:$Q$204,21,2),"") | C25: =IFERROR(INDEX($N$5:$Q$204,21,3),"") | D25: =IFERROR(INDEX($N$5:$Q$204,21,4),"") | H25: =IF(I25="","",21) | I25: =IFERROR(INDEX(_xlfn.UNIQUE(_xlfn.FILTER('기록'!$C$2:$C$181,('기록'!$C$2:$C$181<>"")*('기록'!$A$2:$A$181>=$B$1)*('기록'!$A$2:$A$181<=$B$2))),21),"") | J25: =IF(I25="","",SUMIFS('기록'!$G:$G,'기록'!$C:$C,I25,'기록'!$A:$A,">="&$B$1,'기록'!$A:$A,"<="&$B$2)) | K25: =IF(I25="","",COUNTA(_xlfn.UNIQUE(_xlfn.FILTER('기록'!$A:$A,(('기록'!$C:$C=I25)*('기록'!$A:$A>=$B$1)*('기록'!$A:$A<=$B$2)))))) | L25: =IF(I25="","",J25)
A26: =IFERROR(INDEX($N$5:$Q$204,22,1),"") | B26: =IFERROR(INDEX($N$5:$Q$204,22,2),"") | C26: =IFERROR(INDEX($N$5:$Q$204,22,3),"") | D26: =IFERROR(INDEX($N$5:$Q$204,22,4),"") | H26: =IF(I26="","",22) | I26: =IFERROR(INDEX(_xlfn.UNIQUE(_xlfn.FILTER('기록'!$C$2:$C$181,('기록'!$C$2:$C$181<>"")*('기록'!$A$2:$A$181>=$B$1)*('기록'!$A$2:$A$181<=$B$2))),22),"") | J26: =IF(I26="","",SUMIFS('기록'!$G:$G,'기록'!$C:$C,I26,'기록'!$A:$A,">="&$B$1,'기록'!$A:$A,"<="&$B$2)) | K26: =IF(I26="","",COUNTA(_xlfn.UNIQUE(_xlfn.FILTER('기록'!$A:$A,(('기록'!$C:$C=I26)*('기록'!$A:$A>=$B$1)*('기록'!$A:$A<=$B$2)))))) | L26: =IF(I26="","",J26)
A27: =IFERROR(INDEX($N$5:$Q$204,23,1),"") | B27: =IFERROR(INDEX($N$5:$Q$204,23,2),"") | C27: =IFERROR(INDEX($N$5:$Q$204,23,3),"") | D27: =IFERROR(INDEX($N$5:$Q$204,23,4),"") | H27: =IF(I27="","",23) | I27: =IFERROR(INDEX(_xlfn.UNIQUE(_xlfn.FILTER('기록'!$C$2:$C$181,('기록'!$C$2:$C$181<>"")*('기록'!$A$2:$A$181>=$B$1)*('기록'!$A$2:$A$181<=$B$2))),23),"") | J27: =IF(I27="","",SUMIFS('기록'!$G:$G,'기록'!$C:$C,I27,'기록'!$A:$A,">="&$B$1,'기록'!$A:$A,"<="&$B$2)) | K27: =IF(I27="","",COUNTA(_xlfn.UNIQUE(_xlfn.FILTER('기록'!$A:$A,(('기록'!$C:$C=I27)*('기록'!$A:$A>=$B$1)*('기록'!$A:$A<=$B$2)))))) | L27: =IF(I27="","",J27)
A28: =IFERROR(INDEX($N$5:$Q$204,24,1),"") | B28: =IFERROR(INDEX($N$5:$Q$204,24,2),"") | C28: =IFERROR(INDEX($N$5:$Q$204,24,3),"") | D28: =IFERROR(INDEX($N$5:$Q$204,24,4),"") | H28: =IF(I28="","",24) | I28: =IFERROR(INDEX(_xlfn.UNIQUE(_xlfn.FILTER('기록'!$C$2:$C$181,('기록'!$C$2:$C$181<>"")*('기록'!$A$2:$A$181>=$B$1)*('기록'!$A$2:$A$181<=$B$2))),24),"") | J28: =IF(I28="","",SUMIFS('기록'!$G:$G,'기록'!$C:$C,I28,'기록'!$A:$A,">="&$B$1,'기록'!$A:$A,"<="&$B$2)) | K28: =IF(I28="","",COUNTA(_xlfn.UNIQUE(_xlfn.FILTER('기록'!$A:$A,(('기록'!$C:$C=I28)*('기록'!$A:$A>=$B$1)*('기록'!$A:$A<=$B$2)))))) | L28: =IF(I28="","",J28)
A29: =IFERROR(INDEX($N$5:$Q$204,25,1),"") | B29: =IFERROR(INDEX($N$5:$Q$204,25,2),"") | C29: =IFERROR(INDEX($N$5:$Q$204,25,3),"") | D29: =IFERROR(INDEX($N$5:$Q$204,25,4),"") | H29: =IF(I29="","",25) | I29: =IFERROR(INDEX(_xlfn.UNIQUE(_xlfn.FILTER('기록'!$C$2:$C$181,('기록'!$C$2:$C$181<>"")*('기록'!$A$2:$A$181>=$B$1)*('기록'!$A$2:$A$181<=$B$2))),25),"") | J29: =IF(I29="","",SUMIFS('기록'!$G:$G,'기록'!$C:$C,I29,'기록'!$A:$A,">="&$B$1,'기록'!$A:$A,"<="&$B$2)) | K29: =IF(I29="","",COUNTA(_xlfn.UNIQUE(_xlfn.FILTER('기록'!$A:$A,(('기록'!$C:$C=I29)*('기록'!$A:$A>=$B$1)*('기록'!$A:$A<=$B$2)))))) | L29: =IF(I29="","",J29)
A30: =IFERROR(INDEX($N$5:$Q$204,26,1),"") | B30: =IFERROR(INDEX($N$5:$Q$204,26,2),"") | C30: =IFERROR(INDEX($N$5:$Q$204,26,3),"") | D30: =IFERROR(INDEX($N$5:$Q$204,26,4),"") | H30: =IF(I30="","",26) | I30: =IFERROR(INDEX(_xlfn.UNIQUE(_xlfn.FILTER('기록'!$C$2:$C$181,('기록'!$C$2:$C$181<>"")*('기록'!$A$2:$A$181>=$B$1)*('기록'!$A$2:$A$181<=$B$2))),26),"") | J30: =IF(I30="","",SUMIFS('기록'!$G:$G,'기록'!$C:$C,I30,'기록'!$A:$A,">="&$B$1,'기록'!$A:$A,"<="&$B$2)) | K30: =IF(I30="","",COUNTA(_xlfn.UNIQUE(_xlfn.FILTER('기록'!$A:$A,(('기록'!$C:$C=I30)*('기록'!$A:$A>=$B$1)*('기록'!$A:$A<=$B$2)))))) | L30: =IF(I30="","",J30)
A31: =IFERROR(INDEX($N$5:$Q$204,27,1),"") | B31: =IFERROR(INDEX($N$5:$Q$204,27,2),"") | C31: =IFERROR(INDEX($N$5:$Q$204,27,3),"") | D31: =IFERROR(INDEX($N$5:$Q$204,27,4),"") | H31: =IF(I31="","",27) | I31: =IFERROR(INDEX(_xlfn.UNIQUE(_xlfn.FILTER('기록'!$C$2:$C$181,('기록'!$C$2:$C$181<>"")*('기록'!$A$2:$A$181>=$B$1)*('기록'!$A$2:$A$181<=$B$2))),27),"") | J31: =IF(I31="","",SUMIFS('기록'!$G:$G,'기록'!$C:$C,I31,'기록'!$A:$A,">="&$B$1,'기록'!$A:$A,"<="&$B$2)) | K31: =IF(I31="","",COUNTA(_xlfn.UNIQUE(_xlfn.FILTER('기록'!$A:$A,(('기록'!$C:$C=I31)*('기록'!$A:$A>=$B$1)*('기록'!$A:$A<=$B$2)))))) | L31: =IF(I31="","",J31)
A32: =IFERROR(INDEX($N$5:$Q$204,28,1),"") | B32: =IFERROR(INDEX($N$5:$Q$204,28,2),"") | C32: =IFERROR(INDEX($N$5:$Q$204,28,3),"") | D32: =IFERROR(INDEX($N$5:$Q$204,28,4),"") | H32: =IF(I32="","",28) | I32: =IFERROR(INDEX(_xlfn.UNIQUE(_xlfn.FILTER('기록'!$C$2:$C$181,('기록'!$C$2:$C$181<>"")*('기록'!$A$2:$A$181>=$B$1)*('기록'!$A$2:$A$181<=$B$2))),28),"") | J32: =IF(I32="","",SUMIFS('기록'!$G:$G,'기록'!$C:$C,I32,'기록'!$A:$A,">="&$B$1,'기록'!$A:$A,"<="&$B$2)) | K32: =IF(I32="","",COUNTA(_xlfn.UNIQUE(_xlfn.FILTER('기록'!$A:$A,(('기록'!$C:$C=I32)*('기록'!$A:$A>=$B$1)*('기록'!$A:$A<=$B$2)))))) | L32: =IF(I32="","",J32)
A33: =IFERROR(INDEX($N$5:$Q$204,29,1),"") | B33: =IFERROR(INDEX($N$5:$Q$204,29,2),"") | C33: =IFERROR(INDEX($N$5:$Q$204,29,3),"") | D33: =IFERROR(INDEX($N$5:$Q$204,29,4),"") | H33: =IF(I33="","",29) | I33: =IFERROR(INDEX(_xlfn.UNIQUE(_xlfn.FILTER('기록'!$C$2:$C$181,('기록'!$C$2:$C$181<>"")*('기록'!$A$2:$A$181>=$B$1)*('기록'!$A$2:$A$181<=$B$2))),29),"") | J33: =IF(I33="","",SUMIFS('기록'!$G:$G,'기록'!$C:$C,I33,'기록'!$A:$A,">="&$B$1,'기록'!$A:$A,"<="&$B$2)) | K33: =IF(I33="","",COUNTA(_xlfn.UNIQUE(_xlfn.FILTER('기록'!$A:$A,(('기록'!$C:$C=I33)*('기록'!$A:$A>=$B$1)*('기록'!$A:$A<=$B$2)))))) | L33: =IF(I33="","",J33)
A34: =IFERROR(INDEX($N$5:$Q$204,30,1),"") | B34: =IFERROR(INDEX($N$5:$Q$204,30,2),"") | C34: =IFERROR(INDEX($N$5:$Q$204,30,3),"") | D34: =IFERROR(INDEX($N$5:$Q$204,30,4),"") | H34: =IF(I34="","",30) | I34: =IFERROR(INDEX(_xlfn.UNIQUE(_xlfn.FILTER('기록'!$C$2:$C$181,('기록'!$C$2:$C$181<>"")*('기록'!$A$2:$A$181>=$B$1)*('기록'!$A$2:$A$181<=$B$2))),30),"") | J34: =IF(I34="","",SUMIFS('기록'!$G:$G,'기록'!$C:$C,I34,'기록'!$A:$A,">="&$B$1,'기록'!$A:$A,"<="&$B$2)) | K34: =IF(I34="","",COUNTA(_xlfn.UNIQUE(_xlfn.FILTER('기록'!$A:$A,(('기록'!$C:$C=I34)*('기록'!$A:$A>=$B$1)*('기록'!$A:$A<=$B$2)))))) | L34: =IF(I34="","",J34)
A35: =IFERROR(INDEX($N$5:$Q$204,31,1),"") | B35: =IFERROR(INDEX($N$5:$Q$204,31,2),"") | C35: =IFERROR(INDEX($N$5:$Q$204,31,3),"") | D35: =IFERROR(INDEX($N$5:$Q$204,31,4),"") | H35: =IF(I35="","",31) | I35: =IFERROR(INDEX(_xlfn.UNIQUE(_xlfn.FILTER('기록'!$C$2:$C$181,('기록'!$C$2:$C$181<>"")*('기록'!$A$2:$A$181>=$B$1)*('기록'!$A$2:$A$181<=$B$2))),31),"") | J35: =IF(I35="","",SUMIFS('기록'!$G:$G,'기록'!$C:$C,I35,'기록'!$A:$A,">="&$B$1,'기록'!$A:$A,"<="&$B$2)) | K35: =IF(I35="","",COUNTA(_xlfn.UNIQUE(_xlfn.FILTER('기록'!$A:$A,(('기록'!$C:$C=I35)*('기록'!$A:$A>=$B$1)*('기록'!$A:$A<=$B$2)))))) | L35: =IF(I35="","",J35)
A36: =IFERROR(INDEX($N$5:$Q$204,32,1),"") | B36: =IFERROR(INDEX($N$5:$Q$204,32,2),"") | C36: =IFERROR(INDEX($N$5:$Q$204,32,3),"") | D36: =IFERROR(INDEX($N$5:$Q$204,32,4),"") | H36: =IF(I36="","",32) | I36: =IFERROR(INDEX(_xlfn.UNIQUE(_xlfn.FILTER('기록'!$C$2:$C$181,('기록'!$C$2:$C$181<>"")*('기록'!$A$2:$A$181>=$B$1)*('기록'!$A$2:$A$181<=$B$2))),32),"") | J36: =IF(I36="","",SUMIFS('기록'!$G:$G,'기록'!$C:$C,I36,'기록'!$A:$A,">="&$B$1,'기록'!$A:$A,"<="&$B$2)) | K36: =IF(I36="","",COUNTA(_xlfn.UNIQUE(_xlfn.FILTER('기록'!$A:$A,(('기록'!$C:$C=I36)*('기록'!$A:$A>=$B$1)*('기록'!$A:$A<=$B$2)))))) | L36: =IF(I36="","",J36)
A37: =IFERROR(INDEX($N$5:$Q$204,33,1),"") | B37: =IFERROR(INDEX($N$5:$Q$204,33,2),"") | C37: =IFERROR(INDEX($N$5:$Q$204,33,3),"") | D37: =IFERROR(INDEX($N$5:$Q$204,33,4),"") | H37: =IF(I37="","",33) | I37: =IFERROR(INDEX(_xlfn.UNIQUE(_xlfn.FILTER('기록'!$C$2:$C$181,('기록'!$C$2:$C$181<>"")*('기록'!$A$2:$A$181>=$B$1)*('기록'!$A$2:$A$181<=$B$2))),33),"") | J37: =IF(I37="","",SUMIFS('기록'!$G:$G,'기록'!$C:$C,I37,'기록'!$A:$A,">="&$B$1,'기록'!$A:$A,"<="&$B$2)) | K37: =IF(I37="","",COUNTA(_xlfn.UNIQUE(_xlfn.FILTER('기록'!$A:$A,(('기록'!$C:$C=I37)*('기록'!$A:$A>=$B$1)*('기록'!$A:$A<=$B$2)))))) | L37: =IF(I37="","",J37)
A38: =IFERROR(INDEX($N$5:$Q$204,34,1),"") | B38: =IFERROR(INDEX($N$5:$Q$204,34,2),"") | C38: =IFERROR(INDEX($N$5:$Q$204,34,3),"") | D38: =IFERROR(INDEX($N$5:$Q$204,34,4),"") | H38: =IF(I38="","",34) | I38: =IFERROR(INDEX(_xlfn.UNIQUE(_xlfn.FILTER('기록'!$C$2:$C$181,('기록'!$C$2:$C$181<>"")*('기록'!$A$2:$A$181>=$B$1)*('기록'!$A$2:$A$181<=$B$2))),34),"") | J38: =IF(I38="","",SUMIFS('기록'!$G:$G,'기록'!$C:$C,I38,'기록'!$A:$A,">="&$B$1,'기록'!$A:$A,"<="&$B$2)) | K38: =IF(I38="","",COUNTA(_xlfn.UNIQUE(_xlfn.FILTER('기록'!$A:$A,(('기록'!$C:$C=I38)*('기록'!$A:$A>=$B$1)*('기록'!$A:$A<=$B$2)))))) | L38: =IF(I38="","",J38)
A39: =IFERROR(INDEX($N$5:$Q$204,35,1),"") | B39: =IFERROR(INDEX($N$5:$Q$204,35,2),"") | C39: =IFERROR(INDEX($N$5:$Q$204,35,3),"") | D39: =IFERROR(INDEX($N$5:$Q$204,35,4),"") | H39: =IF(I39="","",35) | I39: =IFERROR(INDEX(_xlfn.UNIQUE(_xlfn.FILTER('기록'!$C$2:$C$181,('기록'!$C$2:$C$181<>"")*('기록'!$A$2:$A$181>=$B$1)*('기록'!$A$2:$A$181<=$B$2))),35),"") | J39: =IF(I39="","",SUMIFS('기록'!$G:$G,'기록'!$C:$C,I39,'기록'!$A:$A,">="&$B$1,'기록'!$A:$A,"<="&$B$2)) | K39: =IF(I39="","",COUNTA(_xlfn.UNIQUE(_xlfn.FILTER('기록'!$A:$A,(('기록'!$C:$C=I39)*('기록'!$A:$A>=$B$1)*('기록'!$A:$A<=$B$2)))))) | L39: =IF(I39="","",J39)
A40: =IFERROR(INDEX($N$5:$Q$204,36,1),"") | B40: =IFERROR(INDEX($N$5:$Q$204,36,2),"") | C40: =IFERROR(INDEX($N$5:$Q$204,36,3),"") | D40: =IFERROR(INDEX($N$5:$Q$204,36,4),"") | H40: =IF(I40="","",36) | I40: =IFERROR(INDEX(_xlfn.UNIQUE(_xlfn.FILTER('기록'!$C$2:$C$181,('기록'!$C$2:$C$181<>"")*('기록'!$A$2:$A$181>=$B$1)*('기록'!$A$2:$A$181<=$B$2))),36),"") | J40: =IF(I40="","",SUMIFS('기록'!$G:$G,'기록'!$C:$C,I40,'기록'!$A:$A,">="&$B$1,'기록'!$A:$A,"<="&$B$2)) | K40: =IF(I40="","",COUNTA(_xlfn.UNIQUE(_xlfn.FILTER('기록'!$A:$A,(('기록'!$C:$C=I40)*('기록'!$A:$A>=$B$1)*('기록'!$A:$A<=$B$2)))))) | L40: =IF(I40="","",J40)
A41: =IFERROR(INDEX($N$5:$Q$204,37,1),"") | B41: =IFERROR(INDEX($N$5:$Q$204,37,2),"") | C41: =IFERROR(INDEX($N$5:$Q$204,37,3),"") | D41: =IFERROR(INDEX($N$5:$Q$204,37,4),"") | H41: =IF(I41="","",37) | I41: =IFERROR(INDEX(_xlfn.UNIQUE(_xlfn.FILTER('기록'!$C$2:$C$181,('기록'!$C$2:$C$181<>"")*('기록'!$A$2:$A$181>=$B$1)*('기록'!$A$2:$A$181<=$B$2))),37),"") | J41: =IF(I41="","",SUMIFS('기록'!$G:$G,'기록'!$C:$C,I41,'기록'!$A:$A,">="&$B$1,'기록'!$A:$A,"<="&$B$2)) | K41: =IF(I41="","",COUNTA(_xlfn.UNIQUE(_xlfn.FILTER('기록'!$A:$A,(('기록'!$C:$C=I41)*('기록'!$A:$A>=$B$1)*('기록'!$A:$A<=$B$2)))))) | L41: =IF(I41="","",J41)
A42: =IFERROR(INDEX($N$5:$Q$204,38,1),"") | B42: =IFERROR(INDEX($N$5:$Q$204,38,2),"") | C42: =IFERROR(INDEX($N$5:$Q$204,38,3),"") | D42: =IFERROR(INDEX($N$5:$Q$204,38,4),"") | H42: =IF(I42="","",38) | I42: =IFERROR(INDEX(_xlfn.UNIQUE(_xlfn.FILTER('기록'!$C$2:$C$181,('기록'!$C$2:$C$181<>"")*('기록'!$A$2:$A$181>=$B$1)*('기록'!$A$2:$A$181<=$B$2))),38),"") | J42: =IF(I42="","",SUMIFS('기록'!$G:$G,'기록'!$C:$C,I42,'기록'!$A:$A,">="&$B$1,'기록'!$A:$A,"<="&$B$2)) | K42: =IF(I42="","",COUNTA(_xlfn.UNIQUE(_xlfn.FILTER('기록'!$A:$A,(('기록'!$C:$C=I42)*('기록'!$A:$A>=$B$1)*('기록'!$A:$A<=$B$2)))))) | L42: =IF(I42="","",J42)
A43: =IFERROR(INDEX($N$5:$Q$204,39,1),"") | B43: =IFERROR(INDEX($N$5:$Q$204,39,2),"") | C43: =IFERROR(INDEX($N$5:$Q$204,39,3),"") | D43: =IFERROR(INDEX($N$5:$Q$204,39,4),"") | H43: =IF(I43="","",39) | I43: =IFERROR(INDEX(_xlfn.UNIQUE(_xlfn.FILTER('기록'!$C$2:$C$181,('기록'!$C$2:$C$181<>"")*('기록'!$A$2:$A$181>=$B$1)*('기록'!$A$2:$A$181<=$B$2))),39),"") | J43: =IF(I43="","",SUMIFS('기록'!$G:$G,'기록'!$C:$C,I43,'기록'!$A:$A,">="&$B$1,'기록'!$A:$A,"<="&$B$2)) | K43: =IF(I43="","",COUNTA(_xlfn.UNIQUE(_xlfn.FILTER('기록'!$A:$A,(('기록'!$C:$C=I43)*('기록'!$A:$A>=$B$1)*('기록'!$A:$A<=$B$2)))))) | L43: =IF(I43="","",J43)
A44: =IFERROR(INDEX($N$5:$Q$204,40,1),"") | B44: =IFERROR(INDEX($N$5:$Q$204,40,2),"") | C44: =IFERROR(INDEX($N$5:$Q$204,40,3),"") | D44: =IFERROR(INDEX($N$5:$Q$204,40,4),"") | H44: =IF(I44="","",40) | I44: =IFERROR(INDEX(_xlfn.UNIQUE(_xlfn.FILTER('기록'!$C$2:$C$181,('기록'!$C$2:$C$181<>"")*('기록'!$A$2:$A$181>=$B$1)*('기록'!$A$2:$A$181<=$B$2))),40),"") | J44: =IF(I44="","",SUMIFS('기록'!$G:$G,'기록'!$C:$C,I44,'기록'!$A:$A,">="&$B$1,'기록'!$A:$A,"<="&$B$2)) | K44: =IF(I44="","",COUNTA(_xlfn.UNIQUE(_xlfn.FILTER('기록'!$A:$A,(('기록'!$C:$C=I44)*('기록'!$A:$A>=$B$1)*('기록'!$A:$A<=$B$2)))))) | L44: =IF(I44="","",J44)
A45: =IFERROR(INDEX($N$5:$Q$204,41,1),"") | B45: =IFERROR(INDEX($N$5:$Q$204,41,2),"") | C45: =IFERROR(INDEX($N$5:$Q$204,41,3),"") | D45: =IFERROR(INDEX($N$5:$Q$204,41,4),"") | H45: =IF(I45="","",41) | I45: =IFERROR(INDEX(_xlfn.UNIQUE(_xlfn.FILTER('기록'!$C$2:$C$181,('기록'!$C$2:$C$181<>"")*('기록'!$A$2:$A$181>=$B$1)*('기록'!$A$2:$A$181<=$B$2))),41),"") | J45: =IF(I45="","",SUMIFS('기록'!$G:$G,'기록'!$C:$C,I45,'기록'!$A:$A,">="&$B$1,'기록'!$A:$A,"<="&$B$2)) | K45: =IF(I45="","",COUNTA(_xlfn.UNIQUE(_xlfn.FILTER('기록'!$A:$A,(('기록'!$C:$C=I45)*('기록'!$A:$A>=$B$1)*('기록'!$A:$A<=$B$2)))))) | L45: =IF(I45="","",J45)
A46: =IFERROR(INDEX($N$5:$Q$204,42,1),"") | B46: =IFERROR(INDEX($N$5:$Q$204,42,2),"") | C46: =IFERROR(INDEX($N$5:$Q$204,42,3),"") | D46: =IFERROR(INDEX($N$5:$Q$204,42,4),"") | H46: =IF(I46="","",42) | I46: =IFERROR(INDEX(_xlfn.UNIQUE(_xlfn.FILTER('기록'!$C$2:$C$181,('기록'!$C$2:$C$181<>"")*('기록'!$A$2:$A$181>=$B$1)*('기록'!$A$2:$A$181<=$B$2))),42),"") | J46: =IF(I46="","",SUMIFS('기록'!$G:$G,'기록'!$C:$C,I46,'기록'!$A:$A,">="&$B$1,'기록'!$A:$A,"<="&$B$2)) | K46: =IF(I46="","",COUNTA(_xlfn.UNIQUE(_xlfn.FILTER('기록'!$A:$A,(('기록'!$C:$C=I46)*('기록'!$A:$A>=$B$1)*('기록'!$A:$A<=$B$2)))))) | L46: =IF(I46="","",J46)
A47: =IFERROR(INDEX($N$5:$Q$204,43,1),"") | B47: =IFERROR(INDEX($N$5:$Q$204,43,2),"") | C47: =IFERROR(INDEX($N$5:$Q$204,43,3),"") | D47: =IFERROR(INDEX($N$5:$Q$204,43,4),"") | H47: =IF(I47="","",43) | I47: =IFERROR(INDEX(_xlfn.UNIQUE(_xlfn.FILTER('기록'!$C$2:$C$181,('기록'!$C$2:$C$181<>"")*('기록'!$A$2:$A$181>=$B$1)*('기록'!$A$2:$A$181<=$B$2))),43),"") | J47: =IF(I47="","",SUMIFS('기록'!$G:$G,'기록'!$C:$C,I47,'기록'!$A:$A,">="&$B$1,'기록'!$A:$A,"<="&$B$2)) | K47: =IF(I47="","",COUNTA(_xlfn.UNIQUE(_xlfn.FILTER('기록'!$A:$A,(('기록'!$C:$C=I47)*('기록'!$A:$A>=$B$1)*('기록'!$A:$A<=$B$2)))))) | L47: =IF(I47="","",J47)
A48: =IFERROR(INDEX($N$5:$Q$204,44,1),"") | B48: =IFERROR(INDEX($N$5:$Q$204,44,2),"") | C48: =IFERROR(INDEX($N$5:$Q$204,44,3),"") | D48: =IFERROR(INDEX($N$5:$Q$204,44,4),"") | H48: =IF(I48="","",44) | I48: =IFERROR(INDEX(_xlfn.UNIQUE(_xlfn.FILTER('기록'!$C$2:$C$181,('기록'!$C$2:$C$181<>"")*('기록'!$A$2:$A$181>=$B$1)*('기록'!$A$2:$A$181<=$B$2))),44),"") | J48: =IF(I48="","",SUMIFS('기록'!$G:$G,'기록'!$C:$C,I48,'기록'!$A:$A,">="&$B$1,'기록'!$A:$A,"<="&$B$2)) | K48: =IF(I48="","",COUNTA(_xlfn.UNIQUE(_xlfn.FILTER('기록'!$A:$A,(('기록'!$C:$C=I48)*('기록'!$A:$A>=$B$1)*('기록'!$A:$A<=$B$2)))))) | L48: =IF(I48="","",J48)
A49: =IFERROR(INDEX($N$5:$Q$204,45,1),"") | B49: =IFERROR(INDEX($N$5:$Q$204,45,2),"") | C49: =IFERROR(INDEX($N$5:$Q$204,45,3),"") | D49: =IFERROR(INDEX($N$5:$Q$204,45,4),"") | H49: =IF(I49="","",45) | I49: =IFERROR(INDEX(_xlfn.UNIQUE(_xlfn.FILTER('기록'!$C$2:$C$181,('기록'!$C$2:$C$181<>"")*('기록'!$A$2:$A$181>=$B$1)*('기록'!$A$2:$A$181<=$B$2))),45),"") | J49: =IF(I49="","",SUMIFS('기록'!$G:$G,'기록'!$C:$C,I49,'기록'!$A:$A,">="&$B$1,'기록'!$A:$A,"<="&$B$2)) | K49: =IF(I49="","",COUNTA(_xlfn.UNIQUE(_xlfn.FILTER('기록'!$A:$A,(('기록'!$C:$C=I49)*('기록'!$A:$A>=$B$1)*('기록'!$A:$A<=$B$2)))))) | L49: =IF(I49="","",J49)
A50: =IFERROR(INDEX($N$5:$Q$204,46,1),"") | B50: =IFERROR(INDEX($N$5:$Q$204,46,2),"") | C50: =IFERROR(INDEX($N$5:$Q$204,46,3),"") | D50: =IFERROR(INDEX($N$5:$Q$204,46,4),"") | H50: =IF(I50="","",46) | I50: =IFERROR(INDEX(_xlfn.UNIQUE(_xlfn.FILTER('기록'!$C$2:$C$181,('기록'!$C$2:$C$181<>"")*('기록'!$A$2:$A$181>=$B$1)*('기록'!$A$2:$A$181<=$B$2))),46),"") | J50: =IF(I50="","",SUMIFS('기록'!$G:$G,'기록'!$C:$C,I50,'기록'!$A:$A,">="&$B$1,'기록'!$A:$A,"<="&$B$2)) | K50: =IF(I50="","",COUNTA(_xlfn.UNIQUE(_xlfn.FILTER('기록'!$A:$A,(('기록'!$C:$C=I50)*('기록'!$A:$A>=$B$1)*('기록'!$A:$A<=$B$2)))))) | L50: =IF(I50="","",J50)
A51: =IFERROR(INDEX($N$5:$Q$204,47,1),"") | B51: =IFERROR(INDEX($N$5:$Q$204,47,2),"") | C51: =IFERROR(INDEX($N$5:$Q$204,47,3),"") | D51: =IFERROR(INDEX($N$5:$Q$204,47,4),"") | H51: =IF(I51="","",47) | I51: =IFERROR(INDEX(_xlfn.UNIQUE(_xlfn.FILTER('기록'!$C$2:$C$181,('기록'!$C$2:$C$181<>"")*('기록'!$A$2:$A$181>=$B$1)*('기록'!$A$2:$A$181<=$B$2))),47),"") | J51: =IF(I51="","",SUMIFS('기록'!$G:$G,'기록'!$C:$C,I51,'기록'!$A:$A,">="&$B$1,'기록'!$A:$A,"<="&$B$2)) | K51: =IF(I51="","",COUNTA(_xlfn.UNIQUE(_xlfn.FILTER('기록'!$A:$A,(('기록'!$C:$C=I51)*('기록'!$A:$A>=$B$1)*('기록'!$A:$A<=$B$2)))))) | L51: =IF(I51="","",J51)
A52: =IFERROR(INDEX($N$5:$Q$204,48,1),"") | B52: =IFERROR(INDEX($N$5:$Q$204,48,2),"") | C52: =IFERROR(INDEX($N$5:$Q$204,48,3),"") | D52: =IFERROR(INDEX($N$5:$Q$204,48,4),"") | H52: =IF(I52="","",48) | I52: =IFERROR(INDEX(_xlfn.UNIQUE(_xlfn.FILTER('기록'!$C$2:$C$181,('기록'!$C$2:$C$181<>"")*('기록'!$A$2:$A$181>=$B$1)*('기록'!$A$2:$A$181<=$B$2))),48),"") | J52: =IF(I52="","",SUMIFS('기록'!$G:$G,'기록'!$C:$C,I52,'기록'!$A:$A,">="&$B$1,'기록'!$A:$A,"<="&$B$2)) | K52: =IF(I52="","",COUNTA(_xlfn.UNIQUE(_xlfn.FILTER('기록'!$A:$A,(('기록'!$C:$C=I52)*('기록'!$A:$A>=$B$1)*('기록'!$A:$A<=$B$2)))))) | L52: =IF(I52="","",J52)
A53: =IFERROR(INDEX($N$5:$Q$204,49,1),"") | B53: =IFERROR(INDEX($N$5:$Q$204,49,2),"") | C53: =IFERROR(INDEX($N$5:$Q$204,49,3),"") | D53: =IFERROR(INDEX($N$5:$Q$204,49,4),"") | H53: =IF(I53="","",49) | I53: =IFERROR(INDEX(_xlfn.UNIQUE(_xlfn.FILTER('기록'!$C$2:$C$181,('기록'!$C$2:$C$181<>"")*('기록'!$A$2:$A$181>=$B$1)*('기록'!$A$2:$A$181<=$B$2))),49),"") | J53: =IF(I53="","",SUMIFS('기록'!$G:$G,'기록'!$C:$C,I53,'기록'!$A:$A,">="&$B$1,'기록'!$A:$A,"<="&$B$2)) | K53: =IF(I53="","",COUNTA(_xlfn.UNIQUE(_xlfn.FILTER('기록'!$A:$A,(('기록'!$C:$C=I53)*('기록'!$A:$A>=$B$1)*('기록'!$A:$A<=$B$2)))))) | L53: =IF(I53="","",J53)
A54: =IFERROR(INDEX($N$5:$Q$204,50,1),"") | B54: =IFERROR(INDEX($N$5:$Q$204,50,2),"") | C54: =IFERROR(INDEX($N$5:$Q$204,50,3),"") | D54: =IFERROR(INDEX($N$5:$Q$204,50,4),"") | H54: =IF(I54="","",50) | I54: =IFERROR(INDEX(_xlfn.UNIQUE(_xlfn.FILTER('기록'!$C$2:$C$181,('기록'!$C$2:$C$181<>"")*('기록'!$A$2:$A$181>=$B$1)*('기록'!$A$2:$A$181<=$B$2))),50),"") | J54: =IF(I54="","",SUMIFS('기록'!$G:$G,'기록'!$C:$C,I54,'기록'!$A:$A,">="&$B$1,'기록'!$A:$A,"<="&$B$2)) | K54: =IF(I54="","",COUNTA(_xlfn.UNIQUE(_xlfn.FILTER('기록'!$A:$A,(('기록'!$C:$C=I54)*('기록'!$A:$A>=$B$1)*('기록'!$A:$A<=$B$2)))))) | L54: =IF(I54="","",J54)
A55: =IFERROR(INDEX($N$5:$Q$204,51,1),"") | B55: =IFERROR(INDEX($N$5:$Q$204,51,2),"") | C55: =IFERROR(INDEX($N$5:$Q$204,51,3),"") | D55: =IFERROR(INDEX($N$5:$Q$204,51,4),"") | H55: =IF(I55="","",51) | I55: =IFERROR(INDEX(_xlfn.UNIQUE(_xlfn.FILTER('기록'!$C$2:$C$181,('기록'!$C$2:$C$181<>"")*('기록'!$A$2:$A$181>=$B$1)*('기록'!$A$2:$A$181<=$B$2))),51),"") | J55: =IF(I55="","",SUMIFS('기록'!$G:$G,'기록'!$C:$C,I55,'기록'!$A:$A,">="&$B$1,'기록'!$A:$A,"<="&$B$2)) | K55: =IF(I55="","",COUNTA(_xlfn.UNIQUE(_xlfn.FILTER('기록'!$A:$A,(('기록'!$C:$C=I55)*('기록'!$A:$A>=$B$1)*('기록'!$A:$A<=$B$2)))))) | L55: =IF(I55="","",J55)
A56: =IFERROR(INDEX($N$5:$Q$204,52,1),"") | B56: =IFERROR(INDEX($N$5:$Q$204,52,2),"") | C56: =IFERROR(INDEX($N$5:$Q$204,52,3),"") | D56: =IFERROR(INDEX($N$5:$Q$204,52,4),"") | H56: =IF(I56="","",52) | I56: =IFERROR(INDEX(_xlfn.UNIQUE(_xlfn.FILTER('기록'!$C$2:$C$181,('기록'!$C$2:$C$181<>"")*('기록'!$A$2:$A$181>=$B$1)*('기록'!$A$2:$A$181<=$B$2))),52),"") | J56: =IF(I56="","",SUMIFS('기록'!$G:$G,'기록'!$C:$C,I56,'기록'!$A:$A,">="&$B$1,'기록'!$A:$A,"<="&$B$2)) | K56: =IF(I56="","",COUNTA(_xlfn.UNIQUE(_xlfn.FILTER('기록'!$A:$A,(('기록'!$C:$C=I56)*('기록'!$A:$A>=$B$1)*('기록'!$A:$A<=$B$2)))))) | L56: =IF(I56="","",J56)
A57: =IFERROR(INDEX($N$5:$Q$204,53,1),"") | B57: =IFERROR(INDEX($N$5:$Q$204,53,2),"") | C57: =IFERROR(INDEX($N$5:$Q$204,53,3),"") | D57: =IFERROR(INDEX($N$5:$Q$204,53,4),"") | H57: =IF(I57="","",53) | I57: =IFERROR(INDEX(_xlfn.UNIQUE(_xlfn.FILTER('기록'!$C$2:$C$181,('기록'!$C$2:$C$181<>"")*('기록'!$A$2:$A$181>=$B$1)*('기록'!$A$2:$A$181<=$B$2))),53),"") | J57: =IF(I57="","",SUMIFS('기록'!$G:$G,'기록'!$C:$C,I57,'기록'!$A:$A,">="&$B$1,'기록'!$A:$A,"<="&$B$2)) | K57: =IF(I57="","",COUNTA(_xlfn.UNIQUE(_xlfn.FILTER('기록'!$A:$A,(('기록'!$C:$C=I57)*('기록'!$A:$A>=$B$1)*('기록'!$A:$A<=$B$2)))))) | L57: =IF(I57="","",J57)
A58: =IFERROR(INDEX($N$5:$Q$204,54,1),"") | B58: =IFERROR(INDEX($N$5:$Q$204,54,2),"") | C58: =IFERROR(INDEX($N$5:$Q$204,54,3),"") | D58: =IFERROR(INDEX($N$5:$Q$204,54,4),"") | H58: =IF(I58="","",54) | I58: =IFERROR(INDEX(_xlfn.UNIQUE(_xlfn.FILTER('기록'!$C$2:$C$181,('기록'!$C$2:$C$181<>"")*('기록'!$A$2:$A$181>=$B$1)*('기록'!$A$2:$A$181<=$B$2))),54),"") | J58: =IF(I58="","",SUMIFS('기록'!$G:$G,'기록'!$C:$C,I58,'기록'!$A:$A,">="&$B$1,'기록'!$A:$A,"<="&$B$2)) | K58: =IF(I58="","",COUNTA(_xlfn.UNIQUE(_xlfn.FILTER('기록'!$A:$A,(('기록'!$C:$C=I58)*('기록'!$A:$A>=$B$1)*('기록'!$A:$A<=$B$2)))))) | L58: =IF(I58="","",J58)
A59: =IFERROR(INDEX($N$5:$Q$204,55,1),"") | B59: =IFERROR(INDEX($N$5:$Q$204,55,2),"") | C59: =IFERROR(INDEX($N$5:$Q$204,55,3),"") | D59: =IFERROR(INDEX($N$5:$Q$204,55,4),"") | H59: =IF(I59="","",55) | I59: =IFERROR(INDEX(_xlfn.UNIQUE(_xlfn.FILTER('기록'!$C$2:$C$181,('기록'!$C$2:$C$181<>"")*('기록'!$A$2:$A$181>=$B$1)*('기록'!$A$2:$A$181<=$B$2))),55),"") | J59: =IF(I59="","",SUMIFS('기록'!$G:$G,'기록'!$C:$C,I59,'기록'!$A:$A,">="&$B$1,'기록'!$A:$A,"<="&$B$2)) | K59: =IF(I59="","",COUNTA(_xlfn.UNIQUE(_xlfn.FILTER('기록'!$A:$A,(('기록'!$C:$C=I59)*('기록'!$A:$A>=$B$1)*('기록'!$A:$A<=$B$2)))))) | L59: =IF(I59="","",J59)
A60: =IFERROR(INDEX($N$5:$Q$204,56,1),"") | B60: =IFERROR(INDEX($N$5:$Q$204,56,2),"") | C60: =IFERROR(INDEX($N$5:$Q$204,56,3),"") | D60: =IFERROR(INDEX($N$5:$Q$204,56,4),"") | H60: =IF(I60="","",56) | I60: =IFERROR(INDEX(_xlfn.UNIQUE(_xlfn.FILTER('기록'!$C$2:$C$181,('기록'!$C$2:$C$181<>"")*('기록'!$A$2:$A$181>=$B$1)*('기록'!$A$2:$A$181<=$B$2))),56),"") | J60: =IF(I60="","",SUMIFS('기록'!$G:$G,'기록'!$C:$C,I60,'기록'!$A:$A,">="&$B$1,'기록'!$A:$A,"<="&$B$2)) | K60: =IF(I60="","",COUNTA(_xlfn.UNIQUE(_xlfn.FILTER('기록'!$A:$A,(('기록'!$C:$C=I60)*('기록'!$A:$A>=$B$1)*('기록'!$A:$A<=$B$2)))))) | L60: =IF(I60="","",J60)
A61: =IFERROR(INDEX($N$5:$Q$204,57,1),"") | B61: =IFERROR(INDEX($N$5:$Q$204,57,2),"") | C61: =IFERROR(INDEX($N$5:$Q$204,57,3),"") | D61: =IFERROR(INDEX($N$5:$Q$204,57,4),"") | H61: =IF(I61="","",57) | I61: =IFERROR(INDEX(_xlfn.UNIQUE(_xlfn.FILTER('기록'!$C$2:$C$181,('기록'!$C$2:$C$181<>"")*('기록'!$A$2:$A$181>=$B$1)*('기록'!$A$2:$A$181<=$B$2))),57),"") | J61: =IF(I61="","",SUMIFS('기록'!$G:$G,'기록'!$C:$C,I61,'기록'!$A:$A,">="&$B$1,'기록'!$A:$A,"<="&$B$2)) | K61: =IF(I61="","",COUNTA(_xlfn.UNIQUE(_xlfn.FILTER('기록'!$A:$A,(('기록'!$C:$C=I61)*('기록'!$A:$A>=$B$1)*('기록'!$A:$A<=$B$2)))))) | L61: =IF(I61="","",J61)
A62: =IFERROR(INDEX($N$5:$Q$204,58,1),"") | B62: =IFERROR(INDEX($N$5:$Q$204,58,2),"") | C62: =IFERROR(INDEX($N$5:$Q$204,58,3),"") | D62: =IFERROR(INDEX($N$5:$Q$204,58,4),"") | H62: =IF(I62="","",58) | I62: =IFERROR(INDEX(_xlfn.UNIQUE(_xlfn.FILTER('기록'!$C$2:$C$181,('기록'!$C$2:$C$181<>"")*('기록'!$A$2:$A$181>=$B$1)*('기록'!$A$2:$A$181<=$B$2))),58),"") | J62: =IF(I62="","",SUMIFS('기록'!$G:$G,'기록'!$C:$C,I62,'기록'!$A:$A,">="&$B$1,'기록'!$A:$A,"<="&$B$2)) | K62: =IF(I62="","",COUNTA(_xlfn.UNIQUE(_xlfn.FILTER('기록'!$A:$A,(('기록'!$C:$C=I62)*('기록'!$A:$A>=$B$1)*('기록'!$A:$A<=$B$2)))))) | L62: =IF(I62="","",J62)
A63: =IFERROR(INDEX($N$5:$Q$204,59,1),"") | B63: =IFERROR(INDEX($N$5:$Q$204,59,2),"") | C63: =IFERROR(INDEX($N$5:$Q$204,59,3),"") | D63: =IFERROR(INDEX($N$5:$Q$204,59,4),"") | H63: =IF(I63="","",59) | I63: =IFERROR(INDEX(_xlfn.UNIQUE(_xlfn.FILTER('기록'!$C$2:$C$181,('기록'!$C$2:$C$181<>"")*('기록'!$A$2:$A$181>=$B$1)*('기록'!$A$2:$A$181<=$B$2))),59),"") | J63: =IF(I63="","",SUMIFS('기록'!$G:$G,'기록'!$C:$C,I63,'기록'!$A:$A,">="&$B$1,'기록'!$A:$A,"<="&$B$2)) | K63: =IF(I63="","",COUNTA(_xlfn.UNIQUE(_xlfn.FILTER('기록'!$A:$A,(('기록'!$C:$C=I63)*('기록'!$A:$A>=$B$1)*('기록'!$A:$A<=$B$2)))))) | L63: =IF(I63="","",J63)
A64: =IFERROR(INDEX($N$5:$Q$204,60,1),"") | B64: =IFERROR(INDEX($N$5:$Q$204,60,2),"") | C64: =IFERROR(INDEX($N$5:$Q$204,60,3),"") | D64: =IFERROR(INDEX($N$5:$Q$204,60,4),"") | H64: =IF(I64="","",60) | I64: =IFERROR(INDEX(_xlfn.UNIQUE(_xlfn.FILTER('기록'!$C$2:$C$181,('기록'!$C$2:$C$181<>"")*('기록'!$A$2:$A$181>=$B$1)*('기록'!$A$2:$A$181<=$B$2))),60),"") | J64: =IF(I64="","",SUMIFS('기록'!$G:$G,'기록'!$C:$C,I64,'기록'!$A:$A,">="&$B$1,'기록'!$A:$A,"<="&$B$2)) | K64: =IF(I64="","",COUNTA(_xlfn.UNIQUE(_xlfn.FILTER('기록'!$A:$A,(('기록'!$C:$C=I64)*('기록'!$A:$A>=$B$1)*('기록'!$A:$A<=$B$2)))))) | L64: =IF(I64="","",J64)
A65: =IFERROR(INDEX($N$5:$Q$204,61,1),"") | B65: =IFERROR(INDEX($N$5:$Q$204,61,2),"") | C65: =IFERROR(INDEX($N$5:$Q$204,61,3),"") | D65: =IFERROR(INDEX($N$5:$Q$204,61,4),"") | H65: =IF(I65="","",61) | I65: =IFERROR(INDEX(_xlfn.UNIQUE(_xlfn.FILTER('기록'!$C$2:$C$181,('기록'!$C$2:$C$181<>"")*('기록'!$A$2:$A$181>=$B$1)*('기록'!$A$2:$A$181<=$B$2))),61),"") | J65: =IF(I65="","",SUMIFS('기록'!$G:$G,'기록'!$C:$C,I65,'기록'!$A:$A,">="&$B$1,'기록'!$A:$A,"<="&$B$2)) | K65: =IF(I65="","",COUNTA(_xlfn.UNIQUE(_xlfn.FILTER('기록'!$A:$A,(('기록'!$C:$C=I65)*('기록'!$A:$A>=$B$1)*('기록'!$A:$A<=$B$2)))))) | L65: =IF(I65="","",J65)
A66: =IFERROR(INDEX($N$5:$Q$204,62,1),"") | B66: =IFERROR(INDEX($N$5:$Q$204,62,2),"") | C66: =IFERROR(INDEX($N$5:$Q$204,62,3),"") | D66: =IFERROR(INDEX($N$5:$Q$204,62,4),"") | H66: =IF(I66="","",62) | I66: =IFERROR(INDEX(_xlfn.UNIQUE(_xlfn.FILTER('기록'!$C$2:$C$181,('기록'!$C$2:$C$181<>"")*('기록'!$A$2:$A$181>=$B$1)*('기록'!$A$2:$A$181<=$B$2))),62),"") | J66: =IF(I66="","",SUMIFS('기록'!$G:$G,'기록'!$C:$C,I66,'기록'!$A:$A,">="&$B$1,'기록'!$A:$A,"<="&$B$2)) | K66: =IF(I66="","",COUNTA(_xlfn.UNIQUE(_xlfn.FILTER('기록'!$A:$A,(('기록'!$C:$C=I66)*('기록'!$A:$A>=$B$1)*('기록'!$A:$A<=$B$2)))))) | L66: =IF(I66="","",J66)
A67: =IFERROR(INDEX($N$5:$Q$204,63,1),"") | B67: =IFERROR(INDEX($N$5:$Q$204,63,2),"") | C67: =IFERROR(INDEX($N$5:$Q$204,63,3),"") | D67: =IFERROR(INDEX($N$5:$Q$204,63,4),"") | H67: =IF(I67="","",63) | I67: =IFERROR(INDEX(_xlfn.UNIQUE(_xlfn.FILTER('기록'!$C$2:$C$181,('기록'!$C$2:$C$181<>"")*('기록'!$A$2:$A$181>=$B$1)*('기록'!$A$2:$A$181<=$B$2))),63),"") | J67: =IF(I67="","",SUMIFS('기록'!$G:$G,'기록'!$C:$C,I67,'기록'!$A:$A,">="&$B$1,'기록'!$A:$A,"<="&$B$2)) | K67: =IF(I67="","",COUNTA(_xlfn.UNIQUE(_xlfn.FILTER('기록'!$A:$A,(('기록'!$C:$C=I67)*('기록'!$A:$A>=$B$1)*('기록'!$A:$A<=$B$2)))))) | L67: =IF(I67="","",J67)
A68: =IFERROR(INDEX($N$5:$Q$204,64,1),"") | B68: =IFERROR(INDEX($N$5:$Q$204,64,2),"") | C68: =IFERROR(INDEX($N$5:$Q$204,64,3),"") | D68: =IFERROR(INDEX($N$5:$Q$204,64,4),"") | H68: =IF(I68="","",64) | I68: =IFERROR(INDEX(_xlfn.UNIQUE(_xlfn.FILTER('기록'!$C$2:$C$181,('기록'!$C$2:$C$181<>"")*('기록'!$A$2:$A$181>=$B$1)*('기록'!$A$2:$A$181<=$B$2))),64),"") | J68: =IF(I68="","",SUMIFS('기록'!$G:$G,'기록'!$C:$C,I68,'기록'!$A:$A,">="&$B$1,'기록'!$A:$A,"<="&$B$2)) | K68: =IF(I68="","",COUNTA(_xlfn.UNIQUE(_xlfn.FILTER('기록'!$A:$A,(('기록'!$C:$C=I68)*('기록'!$A:$A>=$B$1)*('기록'!$A:$A<=$B$2)))))) | L68: =IF(I68="","",J68)
A69: =IFERROR(INDEX($N$5:$Q$204,65,1),"") | B69: =IFERROR(INDEX($N$5:$Q$204,65,2),"") | C69: =IFERROR(INDEX($N$5:$Q$204,65,3),"") | D69: =IFERROR(INDEX($N$5:$Q$204,65,4),"") | H69: =IF(I69="","",65) | I69: =IFERROR(INDEX(_xlfn.UNIQUE(_xlfn.FILTER('기록'!$C$2:$C$181,('기록'!$C$2:$C$181<>"")*('기록'!$A$2:$A$181>=$B$1)*('기록'!$A$2:$A$181<=$B$2))),65),"") | J69: =IF(I69="","",SUMIFS('기록'!$G:$G,'기록'!$C:$C,I69,'기록'!$A:$A,">="&$B$1,'기록'!$A:$A,"<="&$B$2)) | K69: =IF(I69="","",COUNTA(_xlfn.UNIQUE(_xlfn.FILTER('기록'!$A:$A,(('기록'!$C:$C=I69)*('기록'!$A:$A>=$B$1)*('기록'!$A:$A<=$B$2)))))) | L69: =IF(I69="","",J69)
A70: =IFERROR(INDEX($N$5:$Q$204,66,1),"") | B70: =IFERROR(INDEX($N$5:$Q$204,66,2),"") | C70: =IFERROR(INDEX($N$5:$Q$204,66,3),"") | D70: =IFERROR(INDEX($N$5:$Q$204,66,4),"") | H70: =IF(I70="","",66) | I70: =IFERROR(INDEX(_xlfn.UNIQUE(_xlfn.FILTER('기록'!$C$2:$C$181,('기록'!$C$2:$C$181<>"")*('기록'!$A$2:$A$181>=$B$1)*('기록'!$A$2:$A$181<=$B$2))),66),"") | J70: =IF(I70="","",SUMIFS('기록'!$G:$G,'기록'!$C:$C,I70,'기록'!$A:$A,">="&$B$1,'기록'!$A:$A,"<="&$B$2)) | K70: =IF(I70="","",COUNTA(_xlfn.UNIQUE(_xlfn.FILTER('기록'!$A:$A,(('기록'!$C:$C=I70)*('기록'!$A:$A>=$B$1)*('기록'!$A:$A<=$B$2)))))) | L70: =IF(I70="","",J70)
A71: =IFERROR(INDEX($N$5:$Q$204,67,1),"") | B71: =IFERROR(INDEX($N$5:$Q$204,67,2),"") | C71: =IFERROR(INDEX($N$5:$Q$204,67,3),"") | D71: =IFERROR(INDEX($N$5:$Q$204,67,4),"") | H71: =IF(I71="","",67) | I71: =IFERROR(INDEX(_xlfn.UNIQUE(_xlfn.FILTER('기록'!$C$2:$C$181,('기록'!$C$2:$C$181<>"")*('기록'!$A$2:$A$181>=$B$1)*('기록'!$A$2:$A$181<=$B$2))),67),"") | J71: =IF(I71="","",SUMIFS('기록'!$G:$G,'기록'!$C:$C,I71,'기록'!$A:$A,">="&$B$1,'기록'!$A:$A,"<="&$B$2)) | K71: =IF(I71="","",COUNTA(_xlfn.UNIQUE(_xlfn.FILTER('기록'!$A:$A,(('기록'!$C:$C=I71)*('기록'!$A:$A>=$B$1)*('기록'!$A:$A<=$B$2)))))) | L71: =IF(I71="","",J71)
A72: =IFERROR(INDEX($N$5:$Q$204,68,1),"") | B72: =IFERROR(INDEX($N$5:$Q$204,68,2),"") | C72: =IFERROR(INDEX($N$5:$Q$204,68,3),"") | D72: =IFERROR(INDEX($N$5:$Q$204,68,4),"") | H72: =IF(I72="","",68) | I72: =IFERROR(INDEX(_xlfn.UNIQUE(_xlfn.FILTER('기록'!$C$2:$C$181,('기록'!$C$2:$C$181<>"")*('기록'!$A$2:$A$181>=$B$1)*('기록'!$A$2:$A$181<=$B$2))),68),"") | J72: =IF(I72="","",SUMIFS('기록'!$G:$G,'기록'!$C:$C,I72,'기록'!$A:$A,">="&$B$1,'기록'!$A:$A,"<="&$B$2)) | K72: =IF(I72="","",COUNTA(_xlfn.UNIQUE(_xlfn.FILTER('기록'!$A:$A,(('기록'!$C:$C=I72)*('기록'!$A:$A>=$B$1)*('기록'!$A:$A<=$B$2)))))) | L72: =IF(I72="","",J72)
A73: =IFERROR(INDEX($N$5:$Q$204,69,1),"") | B73: =IFERROR(INDEX($N$5:$Q$204,69,2),"") | C73: =IFERROR(INDEX($N$5:$Q$204,69,3),"") | D73: =IFERROR(INDEX($N$5:$Q$204,69,4),"") | H73: =IF(I73="","",69) | I73: =IFERROR(INDEX(_xlfn.UNIQUE(_xlfn.FILTER('기록'!$C$2:$C$181,('기록'!$C$2:$C$181<>"")*('기록'!$A$2:$A$181>=$B$1)*('기록'!$A$2:$A$181<=$B$2))),69),"") | J73: =IF(I73="","",SUMIFS('기록'!$G:$G,'기록'!$C:$C,I73,'기록'!$A:$A,">="&$B$1,'기록'!$A:$A,"<="&$B$2)) | K73: =IF(I73="","",COUNTA(_xlfn.UNIQUE(_xlfn.FILTER('기록'!$A:$A,(('기록'!$C:$C=I73)*('기록'!$A:$A>=$B$1)*('기록'!$A:$A<=$B$2)))))) | L73: =IF(I73="","",J73)
A74: =IFERROR(INDEX($N$5:$Q$204,70,1),"") | B74: =IFERROR(INDEX($N$5:$Q$204,70,2),"") | C74: =IFERROR(INDEX($N$5:$Q$204,70,3),"") | D74: =IFERROR(INDEX($N$5:$Q$204,70,4),"") | H74: =IF(I74="","",70) | I74: =IFERROR(INDEX(_xlfn.UNIQUE(_xlfn.FILTER('기록'!$C$2:$C$181,('기록'!$C$2:$C$181<>"")*('기록'!$A$2:$A$181>=$B$1)*('기록'!$A$2:$A$181<=$B$2))),70),"") | J74: =IF(I74="","",SUMIFS('기록'!$G:$G,'기록'!$C:$C,I74,'기록'!$A:$A,">="&$B$1,'기록'!$A:$A,"<="&$B$2)) | K74: =IF(I74="","",COUNTA(_xlfn.UNIQUE(_xlfn.FILTER('기록'!$A:$A,(('기록'!$C:$C=I74)*('기록'!$A:$A>=$B$1)*('기록'!$A:$A<=$B$2)))))) | L74: =IF(I74="","",J74)
A75: =IFERROR(INDEX($N$5:$Q$204,71,1),"") | B75: =IFERROR(INDEX($N$5:$Q$204,71,2),"") | C75: =IFERROR(INDEX($N$5:$Q$204,71,3),"") | D75: =IFERROR(INDEX($N$5:$Q$204,71,4),"") | H75: =IF(I75="","",71) | I75: =IFERROR(INDEX(_xlfn.UNIQUE(_xlfn.FILTER('기록'!$C$2:$C$181,('기록'!$C$2:$C$181<>"")*('기록'!$A$2:$A$181>=$B$1)*('기록'!$A$2:$A$181<=$B$2))),71),"") | J75: =IF(I75="","",SUMIFS('기록'!$G:$G,'기록'!$C:$C,I75,'기록'!$A:$A,">="&$B$1,'기록'!$A:$A,"<="&$B$2)) | K75: =IF(I75="","",COUNTA(_xlfn.UNIQUE(_xlfn.FILTER('기록'!$A:$A,(('기록'!$C:$C=I75)*('기록'!$A:$A>=$B$1)*('기록'!$A:$A<=$B$2)))))) | L75: =IF(I75="","",J75)
A76: =IFERROR(INDEX($N$5:$Q$204,72,1),"") | B76: =IFERROR(INDEX($N$5:$Q$204,72,2),"") | C76: =IFERROR(INDEX($N$5:$Q$204,72,3),"") | D76: =IFERROR(INDEX($N$5:$Q$204,72,4),"") | H76: =IF(I76="","",72) | I76: =IFERROR(INDEX(_xlfn.UNIQUE(_xlfn.FILTER('기록'!$C$2:$C$181,('기록'!$C$2:$C$181<>"")*('기록'!$A$2:$A$181>=$B$1)*('기록'!$A$2:$A$181<=$B$2))),72),"") | J76: =IF(I76="","",SUMIFS('기록'!$G:$G,'기록'!$C:$C,I76,'기록'!$A:$A,">="&$B$1,'기록'!$A:$A,"<="&$B$2)) | K76: =IF(I76="","",COUNTA(_xlfn.UNIQUE(_xlfn.FILTER('기록'!$A:$A,(('기록'!$C:$C=I76)*('기록'!$A:$A>=$B$1)*('기록'!$A:$A<=$B$2)))))) | L76: =IF(I76="","",J76)
A77: =IFERROR(INDEX($N$5:$Q$204,73,1),"") | B77: =IFERROR(INDEX($N$5:$Q$204,73,2),"") | C77: =IFERROR(INDEX($N$5:$Q$204,73,3),"") | D77: =IFERROR(INDEX($N$5:$Q$204,73,4),"") | H77: =IF(I77="","",73) | I77: =IFERROR(INDEX(_xlfn.UNIQUE(_xlfn.FILTER('기록'!$C$2:$C$181,('기록'!$C$2:$C$181<>"")*('기록'!$A$2:$A$181>=$B$1)*('기록'!$A$2:$A$181<=$B$2))),73),"") | J77: =IF(I77="","",SUMIFS('기록'!$G:$G,'기록'!$C:$C,I77,'기록'!$A:$A,">="&$B$1,'기록'!$A:$A,"<="&$B$2)) | K77: =IF(I77="","",COUNTA(_xlfn.UNIQUE(_xlfn.FILTER('기록'!$A:$A,(('기록'!$C:$C=I77)*('기록'!$A:$A>=$B$1)*('기록'!$A:$A<=$B$2)))))) | L77: =IF(I77="","",J77)
A78: =IFERROR(INDEX($N$5:$Q$204,74,1),"") | B78: =IFERROR(INDEX($N$5:$Q$204,74,2),"") | C78: =IFERROR(INDEX($N$5:$Q$204,74,3),"") | D78: =IFERROR(INDEX($N$5:$Q$204,74,4),"") | H78: =IF(I78="","",74) | I78: =IFERROR(INDEX(_xlfn.UNIQUE(_xlfn.FILTER('기록'!$C$2:$C$181,('기록'!$C$2:$C$181<>"")*('기록'!$A$2:$A$181>=$B$1)*('기록'!$A$2:$A$181<=$B$2))),74),"") | J78: =IF(I78="","",SUMIFS('기록'!$G:$G,'기록'!$C:$C,I78,'기록'!$A:$A,">="&$B$1,'기록'!$A:$A,"<="&$B$2)) | K78: =IF(I78="","",COUNTA(_xlfn.UNIQUE(_xlfn.FILTER('기록'!$A:$A,(('기록'!$C:$C=I78)*('기록'!$A:$A>=$B$1)*('기록'!$A:$A<=$B$2)))))) | L78: =IF(I78="","",J78)
A79: =IFERROR(INDEX($N$5:$Q$204,75,1),"") | B79: =IFERROR(INDEX($N$5:$Q$204,75,2),"") | C79: =IFERROR(INDEX($N$5:$Q$204,75,3),"") | D79: =IFERROR(INDEX($N$5:$Q$204,75,4),"") | H79: =IF(I79="","",75) | I79: =IFERROR(INDEX(_xlfn.UNIQUE(_xlfn.FILTER('기록'!$C$2:$C$181,('기록'!$C$2:$C$181<>"")*('기록'!$A$2:$A$181>=$B$1)*('기록'!$A$2:$A$181<=$B$2))),75),"") | J79: =IF(I79="","",SUMIFS('기록'!$G:$G,'기록'!$C:$C,I79,'기록'!$A:$A,">="&$B$1,'기록'!$A:$A,"<="&$B$2)) | K79: =IF(I79="","",COUNTA(_xlfn.UNIQUE(_xlfn.FILTER('기록'!$A:$A,(('기록'!$C:$C=I79)*('기록'!$A:$A>=$B$1)*('기록'!$A:$A<=$B$2)))))) | L79: =IF(I79="","",J79)
A80: =IFERROR(INDEX($N$5:$Q$204,76,1),"") | B80: =IFERROR(INDEX($N$5:$Q$204,76,2),"") | C80: =IFERROR(INDEX($N$5:$Q$204,76,3),"") | D80: =IFERROR(INDEX($N$5:$Q$204,76,4),"") | H80: =IF(I80="","",76) | I80: =IFERROR(INDEX(_xlfn.UNIQUE(_xlfn.FILTER('기록'!$C$2:$C$181,('기록'!$C$2:$C$181<>"")*('기록'!$A$2:$A$181>=$B$1)*('기록'!$A$2:$A$181<=$B$2))),76),"") | J80: =IF(I80="","",SUMIFS('기록'!$G:$G,'기록'!$C:$C,I80,'기록'!$A:$A,">="&$B$1,'기록'!$A:$A,"<="&$B$2)) | K80: =IF(I80="","",COUNTA(_xlfn.UNIQUE(_xlfn.FILTER('기록'!$A:$A,(('기록'!$C:$C=I80)*('기록'!$A:$A>=$B$1)*('기록'!$A:$A<=$B$2)))))) | L80: =IF(I80="","",J80)
A81: =IFERROR(INDEX($N$5:$Q$204,77,1),"") | B81: =IFERROR(INDEX($N$5:$Q$204,77,2),"") | C81: =IFERROR(INDEX($N$5:$Q$204,77,3),"") | D81: =IFERROR(INDEX($N$5:$Q$204,77,4),"") | H81: =IF(I81="","",77) | I81: =IFERROR(INDEX(_xlfn.UNIQUE(_xlfn.FILTER('기록'!$C$2:$C$181,('기록'!$C$2:$C$181<>"")*('기록'!$A$2:$A$181>=$B$1)*('기록'!$A$2:$A$181<=$B$2))),77),"") | J81: =IF(I81="","",SUMIFS('기록'!$G:$G,'기록'!$C:$C,I81,'기록'!$A:$A,">="&$B$1,'기록'!$A:$A,"<="&$B$2)) | K81: =IF(I81="","",COUNTA(_xlfn.UNIQUE(_xlfn.FILTER('기록'!$A:$A,(('기록'!$C:$C=I81)*('기록'!$A:$A>=$B$1)*('기록'!$A:$A<=$B$2)))))) | L81: =IF(I81="","",J81)
A82: =IFERROR(INDEX($N$5:$Q$204,78,1),"") | B82: =IFERROR(INDEX($N$5:$Q$204,78,2),"") | C82: =IFERROR(INDEX($N$5:$Q$204,78,3),"") | D82: =IFERROR(INDEX($N$5:$Q$204,78,4),"") | H82: =IF(I82="","",78) | I82: =IFERROR(INDEX(_xlfn.UNIQUE(_xlfn.FILTER('기록'!$C$2:$C$181,('기록'!$C$2:$C$181<>"")*('기록'!$A$2:$A$181>=$B$1)*('기록'!$A$2:$A$181<=$B$2))),78),"") | J82: =IF(I82="","",SUMIFS('기록'!$G:$G,'기록'!$C:$C,I82,'기록'!$A:$A,">="&$B$1,'기록'!$A:$A,"<="&$B$2)) | K82: =IF(I82="","",COUNTA(_xlfn.UNIQUE(_xlfn.FILTER('기록'!$A:$A,(('기록'!$C:$C=I82)*('기록'!$A:$A>=$B$1)*('기록'!$A:$A<=$B$2)))))) | L82: =IF(I82="","",J82)
A83: =IFERROR(INDEX($N$5:$Q$204,79,1),"") | B83: =IFERROR(INDEX($N$5:$Q$204,79,2),"") | C83: =IFERROR(INDEX($N$5:$Q$204,79,3),"") | D83: =IFERROR(INDEX($N$5:$Q$204,79,4),"") | H83: =IF(I83="","",79) | I83: =IFERROR(INDEX(_xlfn.UNIQUE(_xlfn.FILTER('기록'!$C$2:$C$181,('기록'!$C$2:$C$181<>"")*('기록'!$A$2:$A$181>=$B$1)*('기록'!$A$2:$A$181<=$B$2))),79),"") | J83: =IF(I83="","",SUMIFS('기록'!$G:$G,'기록'!$C:$C,I83,'기록'!$A:$A,">="&$B$1,'기록'!$A:$A,"<="&$B$2)) | K83: =IF(I83="","",COUNTA(_xlfn.UNIQUE(_xlfn.FILTER('기록'!$A:$A,(('기록'!$C:$C=I83)*('기록'!$A:$A>=$B$1)*('기록'!$A:$A<=$B$2)))))) | L83: =IF(I83="","",J83)
A84: =IFERROR(INDEX($N$5:$Q$204,80,1),"") | B84: =IFERROR(INDEX($N$5:$Q$204,80,2),"") | C84: =IFERROR(INDEX($N$5:$Q$204,80,3),"") | D84: =IFERROR(INDEX($N$5:$Q$204,80,4),"") | H84: =IF(I84="","",80) | I84: =IFERROR(INDEX(_xlfn.UNIQUE(_xlfn.FILTER('기록'!$C$2:$C$181,('기록'!$C$2:$C$181<>"")*('기록'!$A$2:$A$181>=$B$1)*('기록'!$A$2:$A$181<=$B$2))),80),"") | J84: =IF(I84="","",SUMIFS('기록'!$G:$G,'기록'!$C:$C,I84,'기록'!$A:$A,">="&$B$1,'기록'!$A:$A,"<="&$B$2)) | K84: =IF(I84="","",COUNTA(_xlfn.UNIQUE(_xlfn.FILTER('기록'!$A:$A,(('기록'!$C:$C=I84)*('기록'!$A:$A>=$B$1)*('기록'!$A:$A<=$B$2)))))) | L84: =IF(I84="","",J84)
A85: =IFERROR(INDEX($N$5:$Q$204,81,1),"") | B85: =IFERROR(INDEX($N$5:$Q$204,81,2),"") | C85: =IFERROR(INDEX($N$5:$Q$204,81,3),"") | D85: =IFERROR(INDEX($N$5:$Q$204,81,4),"") | H85: =IF(I85="","",81) | I85: =IFERROR(INDEX(_xlfn.UNIQUE(_xlfn.FILTER('기록'!$C$2:$C$181,('기록'!$C$2:$C$181<>"")*('기록'!$A$2:$A$181>=$B$1)*('기록'!$A$2:$A$181<=$B$2))),81),"") | J85: =IF(I85="","",SUMIFS('기록'!$G:$G,'기록'!$C:$C,I85,'기록'!$A:$A,">="&$B$1,'기록'!$A:$A,"<="&$B$2)) | K85: =IF(I85="","",COUNTA(_xlfn.UNIQUE(_xlfn.FILTER('기록'!$A:$A,(('기록'!$C:$C=I85)*('기록'!$A:$A>=$B$1)*('기록'!$A:$A<=$B$2)))))) | L85: =IF(I85="","",J85)
A86: =IFERROR(INDEX($N$5:$Q$204,82,1),"") | B86: =IFERROR(INDEX($N$5:$Q$204,82,2),"") | C86: =IFERROR(INDEX($N$5:$Q$204,82,3),"") | D86: =IFERROR(INDEX($N$5:$Q$204,82,4),"") | H86: =IF(I86="","",82) | I86: =IFERROR(INDEX(_xlfn.UNIQUE(_xlfn.FILTER('기록'!$C$2:$C$181,('기록'!$C$2:$C$181<>"")*('기록'!$A$2:$A$181>=$B$1)*('기록'!$A$2:$A$181<=$B$2))),82),"") | J86: =IF(I86="","",SUMIFS('기록'!$G:$G,'기록'!$C:$C,I86,'기록'!$A:$A,">="&$B$1,'기록'!$A:$A,"<="&$B$2)) | K86: =IF(I86="","",COUNTA(_xlfn.UNIQUE(_xlfn.FILTER('기록'!$A:$A,(('기록'!$C:$C=I86)*('기록'!$A:$A>=$B$1)*('기록'!$A:$A<=$B$2)))))) | L86: =IF(I86="","",J86)
A87: =IFERROR(INDEX($N$5:$Q$204,83,1),"") | B87: =IFERROR(INDEX($N$5:$Q$204,83,2),"") | C87: =IFERROR(INDEX($N$5:$Q$204,83,3),"") | D87: =IFERROR(INDEX($N$5:$Q$204,83,4),"") | H87: =IF(I87="","",83) | I87: =IFERROR(INDEX(_xlfn.UNIQUE(_xlfn.FILTER('기록'!$C$2:$C$181,('기록'!$C$2:$C$181<>"")*('기록'!$A$2:$A$181>=$B$1)*('기록'!$A$2:$A$181<=$B$2))),83),"") | J87: =IF(I87="","",SUMIFS('기록'!$G:$G,'기록'!$C:$C,I87,'기록'!$A:$A,">="&$B$1,'기록'!$A:$A,"<="&$B$2)) | K87: =IF(I87="","",COUNTA(_xlfn.UNIQUE(_xlfn.FILTER('기록'!$A:$A,(('기록'!$C:$C=I87)*('기록'!$A:$A>=$B$1)*('기록'!$A:$A<=$B$2)))))) | L87: =IF(I87="","",J87)
A88: =IFERROR(INDEX($N$5:$Q$204,84,1),"") | B88: =IFERROR(INDEX($N$5:$Q$204,84,2),"") | C88: =IFERROR(INDEX($N$5:$Q$204,84,3),"") | D88: =IFERROR(INDEX($N$5:$Q$204,84,4),"") | H88: =IF(I88="","",84) | I88: =IFERROR(INDEX(_xlfn.UNIQUE(_xlfn.FILTER('기록'!$C$2:$C$181,('기록'!$C$2:$C$181<>"")*('기록'!$A$2:$A$181>=$B$1)*('기록'!$A$2:$A$181<=$B$2))),84),"") | J88: =IF(I88="","",SUMIFS('기록'!$G:$G,'기록'!$C:$C,I88,'기록'!$A:$A,">="&$B$1,'기록'!$A:$A,"<="&$B$2)) | K88: =IF(I88="","",COUNTA(_xlfn.UNIQUE(_xlfn.FILTER('기록'!$A:$A,(('기록'!$C:$C=I88)*('기록'!$A:$A>=$B$1)*('기록'!$A:$A<=$B$2)))))) | L88: =IF(I88="","",J88)
A89: =IFERROR(INDEX($N$5:$Q$204,85,1),"") | B89: =IFERROR(INDEX($N$5:$Q$204,85,2),"") | C89: =IFERROR(INDEX($N$5:$Q$204,85,3),"") | D89: =IFERROR(INDEX($N$5:$Q$204,85,4),"") | H89: =IF(I89="","",85) | I89: =IFERROR(INDEX(_xlfn.UNIQUE(_xlfn.FILTER('기록'!$C$2:$C$181,('기록'!$C$2:$C$181<>"")*('기록'!$A$2:$A$181>=$B$1)*('기록'!$A$2:$A$181<=$B$2))),85),"") | J89: =IF(I89="","",SUMIFS('기록'!$G:$G,'기록'!$C:$C,I89,'기록'!$A:$A,">="&$B$1,'기록'!$A:$A,"<="&$B$2)) | K89: =IF(I89="","",COUNTA(_xlfn.UNIQUE(_xlfn.FILTER('기록'!$A:$A,(('기록'!$C:$C=I89)*('기록'!$A:$A>=$B$1)*('기록'!$A:$A<=$B$2)))))) | L89: =IF(I89="","",J89)
A90: =IFERROR(INDEX($N$5:$Q$204,86,1),"") | B90: =IFERROR(INDEX($N$5:$Q$204,86,2),"") | C90: =IFERROR(INDEX($N$5:$Q$204,86,3),"") | D90: =IFERROR(INDEX($N$5:$Q$204,86,4),"") | H90: =IF(I90="","",86) | I90: =IFERROR(INDEX(_xlfn.UNIQUE(_xlfn.FILTER('기록'!$C$2:$C$181,('기록'!$C$2:$C$181<>"")*('기록'!$A$2:$A$181>=$B$1)*('기록'!$A$2:$A$181<=$B$2))),86),"") | J90: =IF(I90="","",SUMIFS('기록'!$G:$G,'기록'!$C:$C,I90,'기록'!$A:$A,">="&$B$1,'기록'!$A:$A,"<="&$B$2)) | K90: =IF(I90="","",COUNTA(_xlfn.UNIQUE(_xlfn.FILTER('기록'!$A:$A,(('기록'!$C:$C=I90)*('기록'!$A:$A>=$B$1)*('기록'!$A:$A<=$B$2)))))) | L90: =IF(I90="","",J90)
A91: =IFERROR(INDEX($N$5:$Q$204,87,1),"") | B91: =IFERROR(INDEX($N$5:$Q$204,87,2),"") | C91: =IFERROR(INDEX($N$5:$Q$204,87,3),"") | D91: =IFERROR(INDEX($N$5:$Q$204,87,4),"") | H91: =IF(I91="","",87) | I91: =IFERROR(INDEX(_xlfn.UNIQUE(_xlfn.FILTER('기록'!$C$2:$C$181,('기록'!$C$2:$C$181<>"")*('기록'!$A$2:$A$181>=$B$1)*('기록'!$A$2:$A$181<=$B$2))),87),"") | J91: =IF(I91="","",SUMIFS('기록'!$G:$G,'기록'!$C:$C,I91,'기록'!$A:$A,">="&$B$1,'기록'!$A:$A,"<="&$B$2)) | K91: =IF(I91="","",COUNTA(_xlfn.UNIQUE(_xlfn.FILTER('기록'!$A:$A,(('기록'!$C:$C=I91)*('기록'!$A:$A>=$B$1)*('기록'!$A:$A<=$B$2)))))) | L91: =IF(I91="","",J91)
A92: =IFERROR(INDEX($N$5:$Q$204,88,1),"") | B92: =IFERROR(INDEX($N$5:$Q$204,88,2),"") | C92: =IFERROR(INDEX($N$5:$Q$204,88,3),"") | D92: =IFERROR(INDEX($N$5:$Q$204,88,4),"") | H92: =IF(I92="","",88) | I92: =IFERROR(INDEX(_xlfn.UNIQUE(_xlfn.FILTER('기록'!$C$2:$C$181,('기록'!$C$2:$C$181<>"")*('기록'!$A$2:$A$181>=$B$1)*('기록'!$A$2:$A$181<=$B$2))),88),"") | J92: =IF(I92="","",SUMIFS('기록'!$G:$G,'기록'!$C:$C,I92,'기록'!$A:$A,">="&$B$1,'기록'!$A:$A,"<="&$B$2)) | K92: =IF(I92="","",COUNTA(_xlfn.UNIQUE(_xlfn.FILTER('기록'!$A:$A,(('기록'!$C:$C=I92)*('기록'!$A:$A>=$B$1)*('기록'!$A:$A<=$B$2)))))) | L92: =IF(I92="","",J92)
A93: =IFERROR(INDEX($N$5:$Q$204,89,1),"") | B93: =IFERROR(INDEX($N$5:$Q$204,89,2),"") | C93: =IFERROR(INDEX($N$5:$Q$204,89,3),"") | D93: =IFERROR(INDEX($N$5:$Q$204,89,4),"") | H93: =IF(I93="","",89) | I93: =IFERROR(INDEX(_xlfn.UNIQUE(_xlfn.FILTER('기록'!$C$2:$C$181,('기록'!$C$2:$C$181<>"")*('기록'!$A$2:$A$181>=$B$1)*('기록'!$A$2:$A$181<=$B$2))),89),"") | J93: =IF(I93="","",SUMIFS('기록'!$G:$G,'기록'!$C:$C,I93,'기록'!$A:$A,">="&$B$1,'기록'!$A:$A,"<="&$B$2)) | K93: =IF(I93="","",COUNTA(_xlfn.UNIQUE(_xlfn.FILTER('기록'!$A:$A,(('기록'!$C:$C=I93)*('기록'!$A:$A>=$B$1)*('기록'!$A:$A<=$B$2)))))) | L93: =IF(I93="","",J93)
A94: =IFERROR(INDEX($N$5:$Q$204,90,1),"") | B94: =IFERROR(INDEX($N$5:$Q$204,90,2),"") | C94: =IFERROR(INDEX($N$5:$Q$204,90,3),"") | D94: =IFERROR(INDEX($N$5:$Q$204,90,4),"") | H94: =IF(I94="","",90) | I94: =IFERROR(INDEX(_xlfn.UNIQUE(_xlfn.FILTER('기록'!$C$2:$C$181,('기록'!$C$2:$C$181<>"")*('기록'!$A$2:$A$181>=$B$1)*('기록'!$A$2:$A$181<=$B$2))),90),"") | J94: =IF(I94="","",SUMIFS('기록'!$G:$G,'기록'!$C:$C,I94,'기록'!$A:$A,">="&$B$1,'기록'!$A:$A,"<="&$B$2)) | K94: =IF(I94="","",COUNTA(_xlfn.UNIQUE(_xlfn.FILTER('기록'!$A:$A,(('기록'!$C:$C=I94)*('기록'!$A:$A>=$B$1)*('기록'!$A:$A<=$B$2)))))) | L94: =IF(I94="","",J94)
A95: =IFERROR(INDEX($N$5:$Q$204,91,1),"") | B95: =IFERROR(INDEX($N$5:$Q$204,91,2),"") | C95: =IFERROR(INDEX($N$5:$Q$204,91,3),"") | D95: =IFERROR(INDEX($N$5:$Q$204,91,4),"") | H95: =IF(I95="","",91) | I95: =IFERROR(INDEX(_xlfn.UNIQUE(_xlfn.FILTER('기록'!$C$2:$C$181,('기록'!$C$2:$C$181<>"")*('기록'!$A$2:$A$181>=$B$1)*('기록'!$A$2:$A$181<=$B$2))),91),"") | J95: =IF(I95="","",SUMIFS('기록'!$G:$G,'기록'!$C:$C,I95,'기록'!$A:$A,">="&$B$1,'기록'!$A:$A,"<="&$B$2)) | K95: =IF(I95="","",COUNTA(_xlfn.UNIQUE(_xlfn.FILTER('기록'!$A:$A,(('기록'!$C:$C=I95)*('기록'!$A:$A>=$B$1)*('기록'!$A:$A<=$B$2)))))) | L95: =IF(I95="","",J95)
A96: =IFERROR(INDEX($N$5:$Q$204,92,1),"") | B96: =IFERROR(INDEX($N$5:$Q$204,92,2),"") | C96: =IFERROR(INDEX($N$5:$Q$204,92,3),"") | D96: =IFERROR(INDEX($N$5:$Q$204,92,4),"") | H96: =IF(I96="","",92) | I96: =IFERROR(INDEX(_xlfn.UNIQUE(_xlfn.FILTER('기록'!$C$2:$C$181,('기록'!$C$2:$C$181<>"")*('기록'!$A$2:$A$181>=$B$1)*('기록'!$A$2:$A$181<=$B$2))),92),"") | J96: =IF(I96="","",SUMIFS('기록'!$G:$G,'기록'!$C:$C,I96,'기록'!$A:$A,">="&$B$1,'기록'!$A:$A,"<="&$B$2)) | K96: =IF(I96="","",COUNTA(_xlfn.UNIQUE(_xlfn.FILTER('기록'!$A:$A,(('기록'!$C:$C=I96)*('기록'!$A:$A>=$B$1)*('기록'!$A:$A<=$B$2)))))) | L96: =IF(I96="","",J96)
A97: =IFERROR(INDEX($N$5:$Q$204,93,1),"") | B97: =IFERROR(INDEX($N$5:$Q$204,93,2),"") | C97: =IFERROR(INDEX($N$5:$Q$204,93,3),"") | D97: =IFERROR(INDEX($N$5:$Q$204,93,4),"") | H97: =IF(I97="","",93) | I97: =IFERROR(INDEX(_xlfn.UNIQUE(_xlfn.FILTER('기록'!$C$2:$C$181,('기록'!$C$2:$C$181<>"")*('기록'!$A$2:$A$181>=$B$1)*('기록'!$A$2:$A$181<=$B$2))),93),"") | J97: =IF(I97="","",SUMIFS('기록'!$G:$G,'기록'!$C:$C,I97,'기록'!$A:$A,">="&$B$1,'기록'!$A:$A,"<="&$B$2)) | K97: =IF(I97="","",COUNTA(_xlfn.UNIQUE(_xlfn.FILTER('기록'!$A:$A,(('기록'!$C:$C=I97)*('기록'!$A:$A>=$B$1)*('기록'!$A:$A<=$B$2)))))) | L97: =IF(I97="","",J97)
A98: =IFERROR(INDEX($N$5:$Q$204,94,1),"") | B98: =IFERROR(INDEX($N$5:$Q$204,94,2),"") | C98: =IFERROR(INDEX($N$5:$Q$204,94,3),"") | D98: =IFERROR(INDEX($N$5:$Q$204,94,4),"") | H98: =IF(I98="","",94) | I98: =IFERROR(INDEX(_xlfn.UNIQUE(_xlfn.FILTER('기록'!$C$2:$C$181,('기록'!$C$2:$C$181<>"")*('기록'!$A$2:$A$181>=$B$1)*('기록'!$A$2:$A$181<=$B$2))),94),"") | J98: =IF(I98="","",SUMIFS('기록'!$G:$G,'기록'!$C:$C,I98,'기록'!$A:$A,">="&$B$1,'기록'!$A:$A,"<="&$B$2)) | K98: =IF(I98="","",COUNTA(_xlfn.UNIQUE(_xlfn.FILTER('기록'!$A:$A,(('기록'!$C:$C=I98)*('기록'!$A:$A>=$B$1)*('기록'!$A:$A<=$B$2)))))) | L98: =IF(I98="","",J98)
A99: =IFERROR(INDEX($N$5:$Q$204,95,1),"") | B99: =IFERROR(INDEX($N$5:$Q$204,95,2),"") | C99: =IFERROR(INDEX($N$5:$Q$204,95,3),"") | D99: =IFERROR(INDEX($N$5:$Q$204,95,4),"") | H99: =IF(I99="","",95) | I99: =IFERROR(INDEX(_xlfn.UNIQUE(_xlfn.FILTER('기록'!$C$2:$C$181,('기록'!$C$2:$C$181<>"")*('기록'!$A$2:$A$181>=$B$1)*('기록'!$A$2:$A$181<=$B$2))),95),"") | J99: =IF(I99="","",SUMIFS('기록'!$G:$G,'기록'!$C:$C,I99,'기록'!$A:$A,">="&$B$1,'기록'!$A:$A,"<="&$B$2)) | K99: =IF(I99="","",COUNTA(_xlfn.UNIQUE(_xlfn.FILTER('기록'!$A:$A,(('기록'!$C:$C=I99)*('기록'!$A:$A>=$B$1)*('기록'!$A:$A<=$B$2)))))) | L99: =IF(I99="","",J99)
A100: =IFERROR(INDEX($N$5:$Q$204,96,1),"") | B100: =IFERROR(INDEX($N$5:$Q$204,96,2),"") | C100: =IFERROR(INDEX($N$5:$Q$204,96,3),"") | D100: =IFERROR(INDEX($N$5:$Q$204,96,4),"") | H100: =IF(I100="","",96) | I100: =IFERROR(INDEX(_xlfn.UNIQUE(_xlfn.FILTER('기록'!$C$2:$C$181,('기록'!$C$2:$C$181<>"")*('기록'!$A$2:$A$181>=$B$1)*('기록'!$A$2:$A$181<=$B$2))),96),"") | J100: =IF(I100="","",SUMIFS('기록'!$G:$G,'기록'!$C:$C,I100,'기록'!$A:$A,">="&$B$1,'기록'!$A:$A,"<="&$B$2)) | K100: =IF(I100="","",COUNTA(_xlfn.UNIQUE(_xlfn.FILTER('기록'!$A:$A,(('기록'!$C:$C=I100)*('기록'!$A:$A>=$B$1)*('기록'!$A:$A<=$B$2)))))) | L100: =IF(I100="","",J100)
...

Sheet 출석
A1: 기간 시작 | B1: ='승점순위'!B1
A2: 기간 종료 | B2: ='승점순위'!B2
A3: 방문=날짜 수 · 게임=기록 행 수 · 방문 많은 순
A4: 닉네임 | B4: 방문 | C4: 게임 | D4: 방문 날짜
A5: =IFERROR(INDEX($N$5:$Q$204,1,1),"") | B5: =IFERROR(INDEX($N$5:$Q$204,1,2),"") | C5: =IFERROR(INDEX($N$5:$Q$204,1,3),"") | D5: =IFERROR(INDEX($N$5:$Q$204,1,4),"") | H5: =IFERROR(INDEX(_xlfn.UNIQUE(_xlfn.FILTER('기록'!$C$2:$C$181,('기록'!$C$2:$C$181<>"")*('기록'!$A$2:$A$181>=$B$1)*('기록'!$A$2:$A$181<=$B$2))),1),"") | I5: =IF(H5="","",COUNTA(_xlfn.UNIQUE(_xlfn.FILTER('기록'!$A:$A,(('기록'!$C:$C=H5)*('기록'!$A:$A>=$B$1)*('기록'!$A:$A<=$B$2)))))) | J5: =IF(H5="","",COUNTIFS('기록'!$C:$C,H5,'기록'!$A:$A,">="&$B$1,'기록'!$A:$A,"<="&$B$2)) | K5: =IF(H5="","",_xlfn.TEXTJOIN(", ",TRUE,_xlfn.UNIQUE(_xlfn.FILTER('기록'!$A:$A,(('기록'!$C:$C=H5)*('기록'!$A:$A>=$B$1)*('기록'!$A:$A<=$B$2)))))) | L5: =IF(H5="","",I5) | N5: =_xlfn.SORTBY(H5:L204,I5:I204,-1)
A6: =IFERROR(INDEX($N$5:$Q$204,2,1),"") | B6: =IFERROR(INDEX($N$5:$Q$204,2,2),"") | C6: =IFERROR(INDEX($N$5:$Q$204,2,3),"") | D6: =IFERROR(INDEX($N$5:$Q$204,2,4),"") | H6: =IFERROR(INDEX(_xlfn.UNIQUE(_xlfn.FILTER('기록'!$C$2:$C$181,('기록'!$C$2:$C$181<>"")*('기록'!$A$2:$A$181>=$B$1)*('기록'!$A$2:$A$181<=$B$2))),2),"") | I6: =IF(H6="","",COUNTA(_xlfn.UNIQUE(_xlfn.FILTER('기록'!$A:$A,(('기록'!$C:$C=H6)*('기록'!$A:$A>=$B$1)*('기록'!$A:$A<=$B$2)))))) | J6: =IF(H6="","",COUNTIFS('기록'!$C:$C,H6,'기록'!$A:$A,">="&$B$1,'기록'!$A:$A,"<="&$B$2)) | K6: =IF(H6="","",_xlfn.TEXTJOIN(", ",TRUE,_xlfn.UNIQUE(_xlfn.FILTER('기록'!$A:$A,(('기록'!$C:$C=H6)*('기록'!$A:$A>=$B$1)*('기록'!$A:$A<=$B$2)))))) | L6: =IF(H6="","",I6)
A7: =IFERROR(INDEX($N$5:$Q$204,3,1),"") | B7: =IFERROR(INDEX($N$5:$Q$204,3,2),"") | C7: =IFERROR(INDEX($N$5:$Q$204,3,3),"") | D7: =IFERROR(INDEX($N$5:$Q$204,3,4),"") | H7: =IFERROR(INDEX(_xlfn.UNIQUE(_xlfn.FILTER('기록'!$C$2:$C$181,('기록'!$C$2:$C$181<>"")*('기록'!$A$2:$A$181>=$B$1)*('기록'!$A$2:$A$181<=$B$2))),3),"") | I7: =IF(H7="","",COUNTA(_xlfn.UNIQUE(_xlfn.FILTER('기록'!$A:$A,(('기록'!$C:$C=H7)*('기록'!$A:$A>=$B$1)*('기록'!$A:$A<=$B$2)))))) | J7: =IF(H7="","",COUNTIFS('기록'!$C:$C,H7,'기록'!$A:$A,">="&$B$1,'기록'!$A:$A,"<="&$B$2)) | K7: =IF(H7="","",_xlfn.TEXTJOIN(", ",TRUE,_xlfn.UNIQUE(_xlfn.FILTER('기록'!$A:$A,(('기록'!$C:$C=H7)*('기록'!$A:$A>=$B$1)*('기록'!$A:$A<=$B$2)))))) | L7: =IF(H7="","",I7)
A8: =IFERROR(INDEX($N$5:$Q$204,4,1),"") | B8: =IFERROR(INDEX($N$5:$Q$204,4,2),"") | C8: =IFERROR(INDEX($N$5:$Q$204,4,3),"") | D8: =IFERROR(INDEX($N$5:$Q$204,4,4),"") | H8: =IFERROR(INDEX(_xlfn.UNIQUE(_xlfn.FILTER('기록'!$C$2:$C$181,('기록'!$C$2:$C$181<>"")*('기록'!$A$2:$A$181>=$B$1)*('기록'!$A$2:$A$181<=$B$2))),4),"") | I8: =IF(H8="","",COUNTA(_xlfn.UNIQUE(_xlfn.FILTER('기록'!$A:$A,(('기록'!$C:$C=H8)*('기록'!$A:$A>=$B$1)*('기록'!$A:$A<=$B$2)))))) | J8: =IF(H8="","",COUNTIFS('기록'!$C:$C,H8,'기록'!$A:$A,">="&$B$1,'기록'!$A:$A,"<="&$B$2)) | K8: =IF(H8="","",_xlfn.TEXTJOIN(", ",TRUE,_xlfn.UNIQUE(_xlfn.FILTER('기록'!$A:$A,(('기록'!$C:$C=H8)*('기록'!$A:$A>=$B$1)*('기록'!$A:$A<=$B$2)))))) | L8: =IF(H8="","",I8)
A9: =IFERROR(INDEX($N$5:$Q$204,5,1),"") | B9: =IFERROR(INDEX($N$5:$Q$204,5,2),"") | C9: =IFERROR(INDEX($N$5:$Q$204,5,3),"") | D9: =IFERROR(INDEX($N$5:$Q$204,5,4),"") | H9: =IFERROR(INDEX(_xlfn.UNIQUE(_xlfn.FILTER('기록'!$C$2:$C$181,('기록'!$C$2:$C$181<>"")*('기록'!$A$2:$A$181>=$B$1)*('기록'!$A$2:$A$181<=$B$2))),5),"") | I9: =IF(H9="","",COUNTA(_xlfn.UNIQUE(_xlfn.FILTER('기록'!$A:$A,(('기록'!$C:$C=H9)*('기록'!$A:$A>=$B$1)*('기록'!$A:$A<=$B$2)))))) | J9: =IF(H9="","",COUNTIFS('기록'!$C:$C,H9,'기록'!$A:$A,">="&$B$1,'기록'!$A:$A,"<="&$B$2)) | K9: =IF(H9="","",_xlfn.TEXTJOIN(", ",TRUE,_xlfn.UNIQUE(_xlfn.FILTER('기록'!$A:$A,(('기록'!$C:$C=H9)*('기록'!$A:$A>=$B$1)*('기록'!$A:$A<=$B$2)))))) | L9: =IF(H9="","",I9)
A10: =IFERROR(INDEX($N$5:$Q$204,6,1),"") | B10: =IFERROR(INDEX($N$5:$Q$204,6,2),"") | C10: =IFERROR(INDEX($N$5:$Q$204,6,3),"") | D10: =IFERROR(INDEX($N$5:$Q$204,6,4),"") | H10: =IFERROR(INDEX(_xlfn.UNIQUE(_xlfn.FILTER('기록'!$C$2:$C$181,('기록'!$C$2:$C$181<>"")*('기록'!$A$2:$A$181>=$B$1)*('기록'!$A$2:$A$181<=$B$2))),6),"") | I10: =IF(H10="","",COUNTA(_xlfn.UNIQUE(_xlfn.FILTER('기록'!$A:$A,(('기록'!$C:$C=H10)*('기록'!$A:$A>=$B$1)*('기록'!$A:$A<=$B$2)))))) | J10: =IF(H10="","",COUNTIFS('기록'!$C:$C,H10,'기록'!$A:$A,">="&$B$1,'기록'!$A:$A,"<="&$B$2)) | K10: =IF(H10="","",_xlfn.TEXTJOIN(", ",TRUE,_xlfn.UNIQUE(_xlfn.FILTER('기록'!$A:$A,(('기록'!$C:$C=H10)*('기록'!$A:$A>=$B$1)*('기록'!$A:$A<=$B$2)))))) | L10: =IF(H10="","",I10)
A11: =IFERROR(INDEX($N$5:$Q$204,7,1),"") | B11: =IFERROR(INDEX($N$5:$Q$204,7,2),"") | C11: =IFERROR(INDEX($N$5:$Q$204,7,3),"") | D11: =IFERROR(INDEX($N$5:$Q$204,7,4),"") | H11: =IFERROR(INDEX(_xlfn.UNIQUE(_xlfn.FILTER('기록'!$C$2:$C$181,('기록'!$C$2:$C$181<>"")*('기록'!$A$2:$A$181>=$B$1)*('기록'!$A$2:$A$181<=$B$2))),7),"") | I11: =IF(H11="","",COUNTA(_xlfn.UNIQUE(_xlfn.FILTER('기록'!$A:$A,(('기록'!$C:$C=H11)*('기록'!$A:$A>=$B$1)*('기록'!$A:$A<=$B$2)))))) | J11: =IF(H11="","",COUNTIFS('기록'!$C:$C,H11,'기록'!$A:$A,">="&$B$1,'기록'!$A:$A,"<="&$B$2)) | K11: =IF(H11="","",_xlfn.TEXTJOIN(", ",TRUE,_xlfn.UNIQUE(_xlfn.FILTER('기록'!$A:$A,(('기록'!$C:$C=H11)*('기록'!$A:$A>=$B$1)*('기록'!$A:$A<=$B$2)))))) | L11: =IF(H11="","",I11)
A12: =IFERROR(INDEX($N$5:$Q$204,8,1),"") | B12: =IFERROR(INDEX($N$5:$Q$204,8,2),"") | C12: =IFERROR(INDEX($N$5:$Q$204,8,3),"") | D12: =IFERROR(INDEX($N$5:$Q$204,8,4),"") | H12: =IFERROR(INDEX(_xlfn.UNIQUE(_xlfn.FILTER('기록'!$C$2:$C$181,('기록'!$C$2:$C$181<>"")*('기록'!$A$2:$A$181>=$B$1)*('기록'!$A$2:$A$181<=$B$2))),8),"") | I12: =IF(H12="","",COUNTA(_xlfn.UNIQUE(_xlfn.FILTER('기록'!$A:$A,(('기록'!$C:$C=H12)*('기록'!$A:$A>=$B$1)*('기록'!$A:$A<=$B$2)))))) | J12: =IF(H12="","",COUNTIFS('기록'!$C:$C,H12,'기록'!$A:$A,">="&$B$1,'기록'!$A:$A,"<="&$B$2)) | K12: =IF(H12="","",_xlfn.TEXTJOIN(", ",TRUE,_xlfn.UNIQUE(_xlfn.FILTER('기록'!$A:$A,(('기록'!$C:$C=H12)*('기록'!$A:$A>=$B$1)*('기록'!$A:$A<=$B$2)))))) | L12: =IF(H12="","",I12)
A13: =IFERROR(INDEX($N$5:$Q$204,9,1),"") | B13: =IFERROR(INDEX($N$5:$Q$204,9,2),"") | C13: =IFERROR(INDEX($N$5:$Q$204,9,3),"") | D13: =IFERROR(INDEX($N$5:$Q$204,9,4),"") | H13: =IFERROR(INDEX(_xlfn.UNIQUE(_xlfn.FILTER('기록'!$C$2:$C$181,('기록'!$C$2:$C$181<>"")*('기록'!$A$2:$A$181>=$B$1)*('기록'!$A$2:$A$181<=$B$2))),9),"") | I13: =IF(H13="","",COUNTA(_xlfn.UNIQUE(_xlfn.FILTER('기록'!$A:$A,(('기록'!$C:$C=H13)*('기록'!$A:$A>=$B$1)*('기록'!$A:$A<=$B$2)))))) | J13: =IF(H13="","",COUNTIFS('기록'!$C:$C,H13,'기록'!$A:$A,">="&$B$1,'기록'!$A:$A,"<="&$B$2)) | K13: =IF(H13="","",_xlfn.TEXTJOIN(", ",TRUE,_xlfn.UNIQUE(_xlfn.FILTER('기록'!$A:$A,(('기록'!$C:$C=H13)*('기록'!$A:$A>=$B$1)*('기록'!$A:$A<=$B$2)))))) | L13: =IF(H13="","",I13)
A14: =IFERROR(INDEX($N$5:$Q$204,10,1),"") | B14: =IFERROR(INDEX($N$5:$Q$204,10,2),"") | C14: =IFERROR(INDEX($N$5:$Q$204,10,3),"") | D14: =IFERROR(INDEX($N$5:$Q$204,10,4),"") | H14: =IFERROR(INDEX(_xlfn.UNIQUE(_xlfn.FILTER('기록'!$C$2:$C$181,('기록'!$C$2:$C$181<>"")*('기록'!$A$2:$A$181>=$B$1)*('기록'!$A$2:$A$181<=$B$2))),10),"") | I14: =IF(H14="","",COUNTA(_xlfn.UNIQUE(_xlfn.FILTER('기록'!$A:$A,(('기록'!$C:$C=H14)*('기록'!$A:$A>=$B$1)*('기록'!$A:$A<=$B$2)))))) | J14: =IF(H14="","",COUNTIFS('기록'!$C:$C,H14,'기록'!$A:$A,">="&$B$1,'기록'!$A:$A,"<="&$B$2)) | K14: =IF(H14="","",_xlfn.TEXTJOIN(", ",TRUE,_xlfn.UNIQUE(_xlfn.FILTER('기록'!$A:$A,(('기록'!$C:$C=H14)*('기록'!$A:$A>=$B$1)*('기록'!$A:$A<=$B$2)))))) | L14: =IF(H14="","",I14)
A15: =IFERROR(INDEX($N$5:$Q$204,11,1),"") | B15: =IFERROR(INDEX($N$5:$Q$204,11,2),"") | C15: =IFERROR(INDEX($N$5:$Q$204,11,3),"") | D15: =IFERROR(INDEX($N$5:$Q$204,11,4),"") | H15: =IFERROR(INDEX(_xlfn.UNIQUE(_xlfn.FILTER('기록'!$C$2:$C$181,('기록'!$C$2:$C$181<>"")*('기록'!$A$2:$A$181>=$B$1)*('기록'!$A$2:$A$181<=$B$2))),11),"") | I15: =IF(H15="","",COUNTA(_xlfn.UNIQUE(_xlfn.FILTER('기록'!$A:$A,(('기록'!$C:$C=H15)*('기록'!$A:$A>=$B$1)*('기록'!$A:$A<=$B$2)))))) | J15: =IF(H15="","",COUNTIFS('기록'!$C:$C,H15,'기록'!$A:$A,">="&$B$1,'기록'!$A:$A,"<="&$B$2)) | K15: =IF(H15="","",_xlfn.TEXTJOIN(", ",TRUE,_xlfn.UNIQUE(_xlfn.FILTER('기록'!$A:$A,(('기록'!$C:$C=H15)*('기록'!$A:$A>=$B$1)*('기록'!$A:$A<=$B$2)))))) | L15: =IF(H15="","",I15)
A16: =IFERROR(INDEX($N$5:$Q$204,12,1),"") | B16: =IFERROR(INDEX($N$5:$Q$204,12,2),"") | C16: =IFERROR(INDEX($N$5:$Q$204,12,3),"") | D16: =IFERROR(INDEX($N$5:$Q$204,12,4),"") | H16: =IFERROR(INDEX(_xlfn.UNIQUE(_xlfn.FILTER('기록'!$C$2:$C$181,('기록'!$C$2:$C$181<>"")*('기록'!$A$2:$A$181>=$B$1)*('기록'!$A$2:$A$181<=$B$2))),12),"") | I16: =IF(H16="","",COUNTA(_xlfn.UNIQUE(_xlfn.FILTER('기록'!$A:$A,(('기록'!$C:$C=H16)*('기록'!$A:$A>=$B$1)*('기록'!$A:$A<=$B$2)))))) | J16: =IF(H16="","",COUNTIFS('기록'!$C:$C,H16,'기록'!$A:$A,">="&$B$1,'기록'!$A:$A,"<="&$B$2)) | K16: =IF(H16="","",_xlfn.TEXTJOIN(", ",TRUE,_xlfn.UNIQUE(_xlfn.FILTER('기록'!$A:$A,(('기록'!$C:$C=H16)*('기록'!$A:$A>=$B$1)*('기록'!$A:$A<=$B$2)))))) | L16: =IF(H16="","",I16)
A17: =IFERROR(INDEX($N$5:$Q$204,13,1),"") | B17: =IFERROR(INDEX($N$5:$Q$204,13,2),"") | C17: =IFERROR(INDEX($N$5:$Q$204,13,3),"") | D17: =IFERROR(INDEX($N$5:$Q$204,13,4),"") | H17: =IFERROR(INDEX(_xlfn.UNIQUE(_xlfn.FILTER('기록'!$C$2:$C$181,('기록'!$C$2:$C$181<>"")*('기록'!$A$2:$A$181>=$B$1)*('기록'!$A$2:$A$181<=$B$2))),13),"") | I17: =IF(H17="","",COUNTA(_xlfn.UNIQUE(_xlfn.FILTER('기록'!$A:$A,(('기록'!$C:$C=H17)*('기록'!$A:$A>=$B$1)*('기록'!$A:$A<=$B$2)))))) | J17: =IF(H17="","",COUNTIFS('기록'!$C:$C,H17,'기록'!$A:$A,">="&$B$1,'기록'!$A:$A,"<="&$B$2)) | K17: =IF(H17="","",_xlfn.TEXTJOIN(", ",TRUE,_xlfn.UNIQUE(_xlfn.FILTER('기록'!$A:$A,(('기록'!$C:$C=H17)*('기록'!$A:$A>=$B$1)*('기록'!$A:$A<=$B$2)))))) | L17: =IF(H17="","",I17)
A18: =IFERROR(INDEX($N$5:$Q$204,14,1),"") | B18: =IFERROR(INDEX($N$5:$Q$204,14,2),"") | C18: =IFERROR(INDEX($N$5:$Q$204,14,3),"") | D18: =IFERROR(INDEX($N$5:$Q$204,14,4),"") | H18: =IFERROR(INDEX(_xlfn.UNIQUE(_xlfn.FILTER('기록'!$C$2:$C$181,('기록'!$C$2:$C$181<>"")*('기록'!$A$2:$A$181>=$B$1)*('기록'!$A$2:$A$181<=$B$2))),14),"") | I18: =IF(H18="","",COUNTA(_xlfn.UNIQUE(_xlfn.FILTER('기록'!$A:$A,(('기록'!$C:$C=H18)*('기록'!$A:$A>=$B$1)*('기록'!$A:$A<=$B$2)))))) | J18: =IF(H18="","",COUNTIFS('기록'!$C:$C,H18,'기록'!$A:$A,">="&$B$1,'기록'!$A:$A,"<="&$B$2)) | K18: =IF(H18="","",_xlfn.TEXTJOIN(", ",TRUE,_xlfn.UNIQUE(_xlfn.FILTER('기록'!$A:$A,(('기록'!$C:$C=H18)*('기록'!$A:$A>=$B$1)*('기록'!$A:$A<=$B$2)))))) | L18: =IF(H18="","",I18)
A19: =IFERROR(INDEX($N$5:$Q$204,15,1),"") | B19: =IFERROR(INDEX($N$5:$Q$204,15,2),"") | C19: =IFERROR(INDEX($N$5:$Q$204,15,3),"") | D19: =IFERROR(INDEX($N$5:$Q$204,15,4),"") | H19: =IFERROR(INDEX(_xlfn.UNIQUE(_xlfn.FILTER('기록'!$C$2:$C$181,('기록'!$C$2:$C$181<>"")*('기록'!$A$2:$A$181>=$B$1)*('기록'!$A$2:$A$181<=$B$2))),15),"") | I19: =IF(H19="","",COUNTA(_xlfn.UNIQUE(_xlfn.FILTER('기록'!$A:$A,(('기록'!$C:$C=H19)*('기록'!$A:$A>=$B$1)*('기록'!$A:$A<=$B$2)))))) | J19: =IF(H19="","",COUNTIFS('기록'!$C:$C,H19,'기록'!$A:$A,">="&$B$1,'기록'!$A:$A,"<="&$B$2)) | K19: =IF(H19="","",_xlfn.TEXTJOIN(", ",TRUE,_xlfn.UNIQUE(_xlfn.FILTER('기록'!$A:$A,(('기록'!$C:$C=H19)*('기록'!$A:$A>=$B$1)*('기록'!$A:$A<=$B$2)))))) | L19: =IF(H19="","",I19)
A20: =IFERROR(INDEX($N$5:$Q$204,16,1),"") | B20: =IFERROR(INDEX($N$5:$Q$204,16,2),"") | C20: =IFERROR(INDEX($N$5:$Q$204,16,3),"") | D20: =IFERROR(INDEX($N$5:$Q$204,16,4),"") | H20: =IFERROR(INDEX(_xlfn.UNIQUE(_xlfn.FILTER('기록'!$C$2:$C$181,('기록'!$C$2:$C$181<>"")*('기록'!$A$2:$A$181>=$B$1)*('기록'!$A$2:$A$181<=$B$2))),16),"") | I20: =IF(H20="","",COUNTA(_xlfn.UNIQUE(_xlfn.FILTER('기록'!$A:$A,(('기록'!$C:$C=H20)*('기록'!$A:$A>=$B$1)*('기록'!$A:$A<=$B$2)))))) | J20: =IF(H20="","",COUNTIFS('기록'!$C:$C,H20,'기록'!$A:$A,">="&$B$1,'기록'!$A:$A,"<="&$B$2)) | K20: =IF(H20="","",_xlfn.TEXTJOIN(", ",TRUE,_xlfn.UNIQUE(_xlfn.FILTER('기록'!$A:$A,(('기록'!$C:$C=H20)*('기록'!$A:$A>=$B$1)*('기록'!$A:$A<=$B$2)))))) | L20: =IF(H20="","",I20)
A21: =IFERROR(INDEX($N$5:$Q$204,17,1),"") | B21: =IFERROR(INDEX($N$5:$Q$204,17,2),"") | C21: =IFERROR(INDEX($N$5:$Q$204,17,3),"") | D21: =IFERROR(INDEX($N$5:$Q$204,17,4),"") | H21: =IFERROR(INDEX(_xlfn.UNIQUE(_xlfn.FILTER('기록'!$C$2:$C$181,('기록'!$C$2:$C$181<>"")*('기록'!$A$2:$A$181>=$B$1)*('기록'!$A$2:$A$181<=$B$2))),17),"") | I21: =IF(H21="","",COUNTA(_xlfn.UNIQUE(_xlfn.FILTER('기록'!$A:$A,(('기록'!$C:$C=H21)*('기록'!$A:$A>=$B$1)*('기록'!$A:$A<=$B$2)))))) | J21: =IF(H21="","",COUNTIFS('기록'!$C:$C,H21,'기록'!$A:$A,">="&$B$1,'기록'!$A:$A,"<="&$B$2)) | K21: =IF(H21="","",_xlfn.TEXTJOIN(", ",TRUE,_xlfn.UNIQUE(_xlfn.FILTER('기록'!$A:$A,(('기록'!$C:$C=H21)*('기록'!$A:$A>=$B$1)*('기록'!$A:$A<=$B$2)))))) | L21: =IF(H21="","",I21)
A22: =IFERROR(INDEX($N$5:$Q$204,18,1),"") | B22: =IFERROR(INDEX($N$5:$Q$204,18,2),"") | C22: =IFERROR(INDEX($N$5:$Q$204,18,3),"") | D22: =IFERROR(INDEX($N$5:$Q$204,18,4),"") | H22: =IFERROR(INDEX(_xlfn.UNIQUE(_xlfn.FILTER('기록'!$C$2:$C$181,('기록'!$C$2:$C$181<>"")*('기록'!$A$2:$A$181>=$B$1)*('기록'!$A$2:$A$181<=$B$2))),18),"") | I22: =IF(H22="","",COUNTA(_xlfn.UNIQUE(_xlfn.FILTER('기록'!$A:$A,(('기록'!$C:$C=H22)*('기록'!$A:$A>=$B$1)*('기록'!$A:$A<=$B$2)))))) | J22: =IF(H22="","",COUNTIFS('기록'!$C:$C,H22,'기록'!$A:$A,">="&$B$1,'기록'!$A:$A,"<="&$B$2)) | K22: =IF(H22="","",_xlfn.TEXTJOIN(", ",TRUE,_xlfn.UNIQUE(_xlfn.FILTER('기록'!$A:$A,(('기록'!$C:$C=H22)*('기록'!$A:$A>=$B$1)*('기록'!$A:$A<=$B$2)))))) | L22: =IF(H22="","",I22)
A23: =IFERROR(INDEX($N$5:$Q$204,19,1),"") | B23: =IFERROR(INDEX($N$5:$Q$204,19,2),"") | C23: =IFERROR(INDEX($N$5:$Q$204,19,3),"") | D23: =IFERROR(INDEX($N$5:$Q$204,19,4),"") | H23: =IFERROR(INDEX(_xlfn.UNIQUE(_xlfn.FILTER('기록'!$C$2:$C$181,('기록'!$C$2:$C$181<>"")*('기록'!$A$2:$A$181>=$B$1)*('기록'!$A$2:$A$181<=$B$2))),19),"") | I23: =IF(H23="","",COUNTA(_xlfn.UNIQUE(_xlfn.FILTER('기록'!$A:$A,(('기록'!$C:$C=H23)*('기록'!$A:$A>=$B$1)*('기록'!$A:$A<=$B$2)))))) | J23: =IF(H23="","",COUNTIFS('기록'!$C:$C,H23,'기록'!$A:$A,">="&$B$1,'기록'!$A:$A,"<="&$B$2)) | K23: =IF(H23="","",_xlfn.TEXTJOIN(", ",TRUE,_xlfn.UNIQUE(_xlfn.FILTER('기록'!$A:$A,(('기록'!$C:$C=H23)*('기록'!$A:$A>=$B$1)*('기록'!$A:$A<=$B$2)))))) | L23: =IF(H23="","",I23)
A24: =IFERROR(INDEX($N$5:$Q$204,20,1),"") | B24: =IFERROR(INDEX($N$5:$Q$204,20,2),"") | C24: =IFERROR(INDEX($N$5:$Q$204,20,3),"") | D24: =IFERROR(INDEX($N$5:$Q$204,20,4),"") | H24: =IFERROR(INDEX(_xlfn.UNIQUE(_xlfn.FILTER('기록'!$C$2:$C$181,('기록'!$C$2:$C$181<>"")*('기록'!$A$2:$A$181>=$B$1)*('기록'!$A$2:$A$181<=$B$2))),20),"") | I24: =IF(H24="","",COUNTA(_xlfn.UNIQUE(_xlfn.FILTER('기록'!$A:$A,(('기록'!$C:$C=H24)*('기록'!$A:$A>=$B$1)*('기록'!$A:$A<=$B$2)))))) | J24: =IF(H24="","",COUNTIFS('기록'!$C:$C,H24,'기록'!$A:$A,">="&$B$1,'기록'!$A:$A,"<="&$B$2)) | K24: =IF(H24="","",_xlfn.TEXTJOIN(", ",TRUE,_xlfn.UNIQUE(_xlfn.FILTER('기록'!$A:$A,(('기록'!$C:$C=H24)*('기록'!$A:$A>=$B$1)*('기록'!$A:$A<=$B$2)))))) | L24: =IF(H24="","",I24)
A25: =IFERROR(INDEX($N$5:$Q$204,21,1),"") | B25: =IFERROR(INDEX($N$5:$Q$204,21,2),"") | C25: =IFERROR(INDEX($N$5:$Q$204,21,3),"") | D25: =IFERROR(INDEX($N$5:$Q$204,21,4),"") | H25: =IFERROR(INDEX(_xlfn.UNIQUE(_xlfn.FILTER('기록'!$C$2:$C$181,('기록'!$C$2:$C$181<>"")*('기록'!$A$2:$A$181>=$B$1)*('기록'!$A$2:$A$181<=$B$2))),21),"") | I25: =IF(H25="","",COUNTA(_xlfn.UNIQUE(_xlfn.FILTER('기록'!$A:$A,(('기록'!$C:$C=H25)*('기록'!$A:$A>=$B$1)*('기록'!$A:$A<=$B$2)))))) | J25: =IF(H25="","",COUNTIFS('기록'!$C:$C,H25,'기록'!$A:$A,">="&$B$1,'기록'!$A:$A,"<="&$B$2)) | K25: =IF(H25="","",_xlfn.TEXTJOIN(", ",TRUE,_xlfn.UNIQUE(_xlfn.FILTER('기록'!$A:$A,(('기록'!$C:$C=H25)*('기록'!$A:$A>=$B$1)*('기록'!$A:$A<=$B$2)))))) | L25: =IF(H25="","",I25)
A26: =IFERROR(INDEX($N$5:$Q$204,22,1),"") | B26: =IFERROR(INDEX($N$5:$Q$204,22,2),"") | C26: =IFERROR(INDEX($N$5:$Q$204,22,3),"") | D26: =IFERROR(INDEX($N$5:$Q$204,22,4),"") | H26: =IFERROR(INDEX(_xlfn.UNIQUE(_xlfn.FILTER('기록'!$C$2:$C$181,('기록'!$C$2:$C$181<>"")*('기록'!$A$2:$A$181>=$B$1)*('기록'!$A$2:$A$181<=$B$2))),22),"") | I26: =IF(H26="","",COUNTA(_xlfn.UNIQUE(_xlfn.FILTER('기록'!$A:$A,(('기록'!$C:$C=H26)*('기록'!$A:$A>=$B$1)*('기록'!$A:$A<=$B$2)))))) | J26: =IF(H26="","",COUNTIFS('기록'!$C:$C,H26,'기록'!$A:$A,">="&$B$1,'기록'!$A:$A,"<="&$B$2)) | K26: =IF(H26="","",_xlfn.TEXTJOIN(", ",TRUE,_xlfn.UNIQUE(_xlfn.FILTER('기록'!$A:$A,(('기록'!$C:$C=H26)*('기록'!$A:$A>=$B$1)*('기록'!$A:$A<=$B$2)))))) | L26: =IF(H26="","",I26)
A27: =IFERROR(INDEX($N$5:$Q$204,23,1),"") | B27: =IFERROR(INDEX($N$5:$Q$204,23,2),"") | C27: =IFERROR(INDEX($N$5:$Q$204,23,3),"") | D27: =IFERROR(INDEX($N$5:$Q$204,23,4),"") | H27: =IFERROR(INDEX(_xlfn.UNIQUE(_xlfn.FILTER('기록'!$C$2:$C$181,('기록'!$C$2:$C$181<>"")*('기록'!$A$2:$A$181>=$B$1)*('기록'!$A$2:$A$181<=$B$2))),23),"") | I27: =IF(H27="","",COUNTA(_xlfn.UNIQUE(_xlfn.FILTER('기록'!$A:$A,(('기록'!$C:$C=H27)*('기록'!$A:$A>=$B$1)*('기록'!$A:$A<=$B$2)))))) | J27: =IF(H27="","",COUNTIFS('기록'!$C:$C,H27,'기록'!$A:$A,">="&$B$1,'기록'!$A:$A,"<="&$B$2)) | K27: =IF(H27="","",_xlfn.TEXTJOIN(", ",TRUE,_xlfn.UNIQUE(_xlfn.FILTER('기록'!$A:$A,(('기록'!$C:$C=H27)*('기록'!$A:$A>=$B$1)*('기록'!$A:$A<=$B$2)))))) | L27: =IF(H27="","",I27)
A28: =IFERROR(INDEX($N$5:$Q$204,24,1),"") | B28: =IFERROR(INDEX($N$5:$Q$204,24,2),"") | C28: =IFERROR(INDEX($N$5:$Q$204,24,3),"") | D28: =IFERROR(INDEX($N$5:$Q$204,24,4),"") | H28: =IFERROR(INDEX(_xlfn.UNIQUE(_xlfn.FILTER('기록'!$C$2:$C$181,('기록'!$C$2:$C$181<>"")*('기록'!$A$2:$A$181>=$B$1)*('기록'!$A$2:$A$181<=$B$2))),24),"") | I28: =IF(H28="","",COUNTA(_xlfn.UNIQUE(_xlfn.FILTER('기록'!$A:$A,(('기록'!$C:$C=H28)*('기록'!$A:$A>=$B$1)*('기록'!$A:$A<=$B$2)))))) | J28: =IF(H28="","",COUNTIFS('기록'!$C:$C,H28,'기록'!$A:$A,">="&$B$1,'기록'!$A:$A,"<="&$B$2)) | K28: =IF(H28="","",_xlfn.TEXTJOIN(", ",TRUE,_xlfn.UNIQUE(_xlfn.FILTER('기록'!$A:$A,(('기록'!$C:$C=H28)*('기록'!$A:$A>=$B$1)*('기록'!$A:$A<=$B$2)))))) | L28: =IF(H28="","",I28)
A29: =IFERROR(INDEX($N$5:$Q$204,25,1),"") | B29: =IFERROR(INDEX($N$5:$Q$204,25,2),"") | C29: =IFERROR(INDEX($N$5:$Q$204,25,3),"") | D29: =IFERROR(INDEX($N$5:$Q$204,25,4),"") | H29: =IFERROR(INDEX(_xlfn.UNIQUE(_xlfn.FILTER('기록'!$C$2:$C$181,('기록'!$C$2:$C$181<>"")*('기록'!$A$2:$A$181>=$B$1)*('기록'!$A$2:$A$181<=$B$2))),25),"") | I29: =IF(H29="","",COUNTA(_xlfn.UNIQUE(_xlfn.FILTER('기록'!$A:$A,(('기록'!$C:$C=H29)*('기록'!$A:$A>=$B$1)*('기록'!$A:$A<=$B$2)))))) | J29: =IF(H29="","",COUNTIFS('기록'!$C:$C,H29,'기록'!$A:$A,">="&$B$1,'기록'!$A:$A,"<="&$B$2)) | K29: =IF(H29="","",_xlfn.TEXTJOIN(", ",TRUE,_xlfn.UNIQUE(_xlfn.FILTER('기록'!$A:$A,(('기록'!$C:$C=H29)*('기록'!$A:$A>=$B$1)*('기록'!$A:$A<=$B$2)))))) | L29: =IF(H29="","",I29)
A30: =IFERROR(INDEX($N$5:$Q$204,26,1),"") | B30: =IFERROR(INDEX($N$5:$Q$204,26,2),"") | C30: =IFERROR(INDEX($N$5:$Q$204,26,3),"") | D30: =IFERROR(INDEX($N$5:$Q$204,26,4),"") | H30: =IFERROR(INDEX(_xlfn.UNIQUE(_xlfn.FILTER('기록'!$C$2:$C$181,('기록'!$C$2:$C$181<>"")*('기록'!$A$2:$A$181>=$B$1)*('기록'!$A$2:$A$181<=$B$2))),26),"") | I30: =IF(H30="","",COUNTA(_xlfn.UNIQUE(_xlfn.FILTER('기록'!$A:$A,(('기록'!$C:$C=H30)*('기록'!$A:$A>=$B$1)*('기록'!$A:$A<=$B$2)))))) | J30: =IF(H30="","",COUNTIFS('기록'!$C:$C,H30,'기록'!$A:$A,">="&$B$1,'기록'!$A:$A,"<="&$B$2)) | K30: =IF(H30="","",_xlfn.TEXTJOIN(", ",TRUE,_xlfn.UNIQUE(_xlfn.FILTER('기록'!$A:$A,(('기록'!$C:$C=H30)*('기록'!$A:$A>=$B$1)*('기록'!$A:$A<=$B$2)))))) | L30: =IF(H30="","",I30)
A31: =IFERROR(INDEX($N$5:$Q$204,27,1),"") | B31: =IFERROR(INDEX($N$5:$Q$204,27,2),"") | C31: =IFERROR(INDEX($N$5:$Q$204,27,3),"") | D31: =IFERROR(INDEX($N$5:$Q$204,27,4),"") | H31: =IFERROR(INDEX(_xlfn.UNIQUE(_xlfn.FILTER('기록'!$C$2:$C$181,('기록'!$C$2:$C$181<>"")*('기록'!$A$2:$A$181>=$B$1)*('기록'!$A$2:$A$181<=$B$2))),27),"") | I31: =IF(H31="","",COUNTA(_xlfn.UNIQUE(_xlfn.FILTER('기록'!$A:$A,(('기록'!$C:$C=H31)*('기록'!$A:$A>=$B$1)*('기록'!$A:$A<=$B$2)))))) | J31: =IF(H31="","",COUNTIFS('기록'!$C:$C,H31,'기록'!$A:$A,">="&$B$1,'기록'!$A:$A,"<="&$B$2)) | K31: =IF(H31="","",_xlfn.TEXTJOIN(", ",TRUE,_xlfn.UNIQUE(_xlfn.FILTER('기록'!$A:$A,(('기록'!$C:$C=H31)*('기록'!$A:$A>=$B$1)*('기록'!$A:$A<=$B$2)))))) | L31: =IF(H31="","",I31)
A32: =IFERROR(INDEX($N$5:$Q$204,28,1),"") | B32: =IFERROR(INDEX($N$5:$Q$204,28,2),"") | C32: =IFERROR(INDEX($N$5:$Q$204,28,3),"") | D32: =IFERROR(INDEX($N$5:$Q$204,28,4),"") | H32: =IFERROR(INDEX(_xlfn.UNIQUE(_xlfn.FILTER('기록'!$C$2:$C$181,('기록'!$C$2:$C$181<>"")*('기록'!$A$2:$A$181>=$B$1)*('기록'!$A$2:$A$181<=$B$2))),28),"") | I32: =IF(H32="","",COUNTA(_xlfn.UNIQUE(_xlfn.FILTER('기록'!$A:$A,(('기록'!$C:$C=H32)*('기록'!$A:$A>=$B$1)*('기록'!$A:$A<=$B$2)))))) | J32: =IF(H32="","",COUNTIFS('기록'!$C:$C,H32,'기록'!$A:$A,">="&$B$1,'기록'!$A:$A,"<="&$B$2)) | K32: =IF(H32="","",_xlfn.TEXTJOIN(", ",TRUE,_xlfn.UNIQUE(_xlfn.FILTER('기록'!$A:$A,(('기록'!$C:$C=H32)*('기록'!$A:$A>=$B$1)*('기록'!$A:$A<=$B$2)))))) | L32: =IF(H32="","",I32)
A33: =IFERROR(INDEX($N$5:$Q$204,29,1),"") | B33: =IFERROR(INDEX($N$5:$Q$204,29,2),"") | C33: =IFERROR(INDEX($N$5:$Q$204,29,3),"") | D33: =IFERROR(INDEX($N$5:$Q$204,29,4),"") | H33: =IFERROR(INDEX(_xlfn.UNIQUE(_xlfn.FILTER('기록'!$C$2:$C$181,('기록'!$C$2:$C$181<>"")*('기록'!$A$2:$A$181>=$B$1)*('기록'!$A$2:$A$181<=$B$2))),29),"") | I33: =IF(H33="","",COUNTA(_xlfn.UNIQUE(_xlfn.FILTER('기록'!$A:$A,(('기록'!$C:$C=H33)*('기록'!$A:$A>=$B$1)*('기록'!$A:$A<=$B$2)))))) | J33: =IF(H33="","",COUNTIFS('기록'!$C:$C,H33,'기록'!$A:$A,">="&$B$1,'기록'!$A:$A,"<="&$B$2)) | K33: =IF(H33="","",_xlfn.TEXTJOIN(", ",TRUE,_xlfn.UNIQUE(_xlfn.FILTER('기록'!$A:$A,(('기록'!$C:$C=H33)*('기록'!$A:$A>=$B$1)*('기록'!$A:$A<=$B$2)))))) | L33: =IF(H33="","",I33)
A34: =IFERROR(INDEX($N$5:$Q$204,30,1),"") | B34: =IFERROR(INDEX($N$5:$Q$204,30,2),"") | C34: =IFERROR(INDEX($N$5:$Q$204,30,3),"") | D34: =IFERROR(INDEX($N$5:$Q$204,30,4),"") | H34: =IFERROR(INDEX(_xlfn.UNIQUE(_xlfn.FILTER('기록'!$C$2:$C$181,('기록'!$C$2:$C$181<>"")*('기록'!$A$2:$A$181>=$B$1)*('기록'!$A$2:$A$181<=$B$2))),30),"") | I34: =IF(H34="","",COUNTA(_xlfn.UNIQUE(_xlfn.FILTER('기록'!$A:$A,(('기록'!$C:$C=H34)*('기록'!$A:$A>=$B$1)*('기록'!$A:$A<=$B$2)))))) | J34: =IF(H34="","",COUNTIFS('기록'!$C:$C,H34,'기록'!$A:$A,">="&$B$1,'기록'!$A:$A,"<="&$B$2)) | K34: =IF(H34="","",_xlfn.TEXTJOIN(", ",TRUE,_xlfn.UNIQUE(_xlfn.FILTER('기록'!$A:$A,(('기록'!$C:$C=H34)*('기록'!$A:$A>=$B$1)*('기록'!$A:$A<=$B$2)))))) | L34: =IF(H34="","",I34)
A35: =IFERROR(INDEX($N$5:$Q$204,31,1),"") | B35: =IFERROR(INDEX($N$5:$Q$204,31,2),"") | C35: =IFERROR(INDEX($N$5:$Q$204,31,3),"") | D35: =IFERROR(INDEX($N$5:$Q$204,31,4),"") | H35: =IFERROR(INDEX(_xlfn.UNIQUE(_xlfn.FILTER('기록'!$C$2:$C$181,('기록'!$C$2:$C$181<>"")*('기록'!$A$2:$A$181>=$B$1)*('기록'!$A$2:$A$181<=$B$2))),31),"") | I35: =IF(H35="","",COUNTA(_xlfn.UNIQUE(_xlfn.FILTER('기록'!$A:$A,(('기록'!$C:$C=H35)*('기록'!$A:$A>=$B$1)*('기록'!$A:$A<=$B$2)))))) | J35: =IF(H35="","",COUNTIFS('기록'!$C:$C,H35,'기록'!$A:$A,">="&$B$1,'기록'!$A:$A,"<="&$B$2)) | K35: =IF(H35="","",_xlfn.TEXTJOIN(", ",TRUE,_xlfn.UNIQUE(_xlfn.FILTER('기록'!$A:$A,(('기록'!$C:$C=H35)*('기록'!$A:$A>=$B$1)*('기록'!$A:$A<=$B$2)))))) | L35: =IF(H35="","",I35)
A36: =IFERROR(INDEX($N$5:$Q$204,32,1),"") | B36: =IFERROR(INDEX($N$5:$Q$204,32,2),"") | C36: =IFERROR(INDEX($N$5:$Q$204,32,3),"") | D36: =IFERROR(INDEX($N$5:$Q$204,32,4),"") | H36: =IFERROR(INDEX(_xlfn.UNIQUE(_xlfn.FILTER('기록'!$C$2:$C$181,('기록'!$C$2:$C$181<>"")*('기록'!$A$2:$A$181>=$B$1)*('기록'!$A$2:$A$181<=$B$2))),32),"") | I36: =IF(H36="","",COUNTA(_xlfn.UNIQUE(_xlfn.FILTER('기록'!$A:$A,(('기록'!$C:$C=H36)*('기록'!$A:$A>=$B$1)*('기록'!$A:$A<=$B$2)))))) | J36: =IF(H36="","",COUNTIFS('기록'!$C:$C,H36,'기록'!$A:$A,">="&$B$1,'기록'!$A:$A,"<="&$B$2)) | K36: =IF(H36="","",_xlfn.TEXTJOIN(", ",TRUE,_xlfn.UNIQUE(_xlfn.FILTER('기록'!$A:$A,(('기록'!$C:$C=H36)*('기록'!$A:$A>=$B$1)*('기록'!$A:$A<=$B$2)))))) | L36: =IF(H36="","",I36)
A37: =IFERROR(INDEX($N$5:$Q$204,33,1),"") | B37: =IFERROR(INDEX($N$5:$Q$204,33,2),"") | C37: =IFERROR(INDEX($N$5:$Q$204,33,3),"") | D37: =IFERROR(INDEX($N$5:$Q$204,33,4),"") | H37: =IFERROR(INDEX(_xlfn.UNIQUE(_xlfn.FILTER('기록'!$C$2:$C$181,('기록'!$C$2:$C$181<>"")*('기록'!$A$2:$A$181>=$B$1)*('기록'!$A$2:$A$181<=$B$2))),33),"") | I37: =IF(H37="","",COUNTA(_xlfn.UNIQUE(_xlfn.FILTER('기록'!$A:$A,(('기록'!$C:$C=H37)*('기록'!$A:$A>=$B$1)*('기록'!$A:$A<=$B$2)))))) | J37: =IF(H37="","",COUNTIFS('기록'!$C:$C,H37,'기록'!$A:$A,">="&$B$1,'기록'!$A:$A,"<="&$B$2)) | K37: =IF(H37="","",_xlfn.TEXTJOIN(", ",TRUE,_xlfn.UNIQUE(_xlfn.FILTER('기록'!$A:$A,(('기록'!$C:$C=H37)*('기록'!$A:$A>=$B$1)*('기록'!$A:$A<=$B$2)))))) | L37: =IF(H37="","",I37)
A38: =IFERROR(INDEX($N$5:$Q$204,34,1),"") | B38: =IFERROR(INDEX($N$5:$Q$204,34,2),"") | C38: =IFERROR(INDEX($N$5:$Q$204,34,3),"") | D38: =IFERROR(INDEX($N$5:$Q$204,34,4),"") | H38: =IFERROR(INDEX(_xlfn.UNIQUE(_xlfn.FILTER('기록'!$C$2:$C$181,('기록'!$C$2:$C$181<>"")*('기록'!$A$2:$A$181>=$B$1)*('기록'!$A$2:$A$181<=$B$2))),34),"") | I38: =IF(H38="","",COUNTA(_xlfn.UNIQUE(_xlfn.FILTER('기록'!$A:$A,(('기록'!$C:$C=H38)*('기록'!$A:$A>=$B$1)*('기록'!$A:$A<=$B$2)))))) | J38: =IF(H38="","",COUNTIFS('기록'!$C:$C,H38,'기록'!$A:$A,">="&$B$1,'기록'!$A:$A,"<="&$B$2)) | K38: =IF(H38="","",_xlfn.TEXTJOIN(", ",TRUE,_xlfn.UNIQUE(_xlfn.FILTER('기록'!$A:$A,(('기록'!$C:$C=H38)*('기록'!$A:$A>=$B$1)*('기록'!$A:$A<=$B$2)))))) | L38: =IF(H38="","",I38)
A39: =IFERROR(INDEX($N$5:$Q$204,35,1),"") | B39: =IFERROR(INDEX($N$5:$Q$204,35,2),"") | C39: =IFERROR(INDEX($N$5:$Q$204,35,3),"") | D39: =IFERROR(INDEX($N$5:$Q$204,35,4),"") | H39: =IFERROR(INDEX(_xlfn.UNIQUE(_xlfn.FILTER('기록'!$C$2:$C$181,('기록'!$C$2:$C$181<>"")*('기록'!$A$2:$A$181>=$B$1)*('기록'!$A$2:$A$181<=$B$2))),35),"") | I39: =IF(H39="","",COUNTA(_xlfn.UNIQUE(_xlfn.FILTER('기록'!$A:$A,(('기록'!$C:$C=H39)*('기록'!$A:$A>=$B$1)*('기록'!$A:$A<=$B$2)))))) | J39: =IF(H39="","",COUNTIFS('기록'!$C:$C,H39,'기록'!$A:$A,">="&$B$1,'기록'!$A:$A,"<="&$B$2)) | K39: =IF(H39="","",_xlfn.TEXTJOIN(", ",TRUE,_xlfn.UNIQUE(_xlfn.FILTER('기록'!$A:$A,(('기록'!$C:$C=H39)*('기록'!$A:$A>=$B$1)*('기록'!$A:$A<=$B$2)))))) | L39: =IF(H39="","",I39)
A40: =IFERROR(INDEX($N$5:$Q$204,36,1),"") | B40: =IFERROR(INDEX($N$5:$Q$204,36,2),"") | C40: =IFERROR(INDEX($N$5:$Q$204,36,3),"") | D40: =IFERROR(INDEX($N$5:$Q$204,36,4),"") | H40: =IFERROR(INDEX(_xlfn.UNIQUE(_xlfn.FILTER('기록'!$C$2:$C$181,('기록'!$C$2:$C$181<>"")*('기록'!$A$2:$A$181>=$B$1)*('기록'!$A$2:$A$181<=$B$2))),36),"") | I40: =IF(H40="","",COUNTA(_xlfn.UNIQUE(_xlfn.FILTER('기록'!$A:$A,(('기록'!$C:$C=H40)*('기록'!$A:$A>=$B$1)*('기록'!$A:$A<=$B$2)))))) | J40: =IF(H40="","",COUNTIFS('기록'!$C:$C,H40,'기록'!$A:$A,">="&$B$1,'기록'!$A:$A,"<="&$B$2)) | K40: =IF(H40="","",_xlfn.TEXTJOIN(", ",TRUE,_xlfn.UNIQUE(_xlfn.FILTER('기록'!$A:$A,(('기록'!$C:$C=H40)*('기록'!$A:$A>=$B$1)*('기록'!$A:$A<=$B$2)))))) | L40: =IF(H40="","",I40)
A41: =IFERROR(INDEX($N$5:$Q$204,37,1),"") | B41: =IFERROR(INDEX($N$5:$Q$204,37,2),"") | C41: =IFERROR(INDEX($N$5:$Q$204,37,3),"") | D41: =IFERROR(INDEX($N$5:$Q$204,37,4),"") | H41: =IFERROR(INDEX(_xlfn.UNIQUE(_xlfn.FILTER('기록'!$C$2:$C$181,('기록'!$C$2:$C$181<>"")*('기록'!$A$2:$A$181>=$B$1)*('기록'!$A$2:$A$181<=$B$2))),37),"") | I41: =IF(H41="","",COUNTA(_xlfn.UNIQUE(_xlfn.FILTER('기록'!$A:$A,(('기록'!$C:$C=H41)*('기록'!$A:$A>=$B$1)*('기록'!$A:$A<=$B$2)))))) | J41: =IF(H41="","",COUNTIFS('기록'!$C:$C,H41,'기록'!$A:$A,">="&$B$1,'기록'!$A:$A,"<="&$B$2)) | K41: =IF(H41="","",_xlfn.TEXTJOIN(", ",TRUE,_xlfn.UNIQUE(_xlfn.FILTER('기록'!$A:$A,(('기록'!$C:$C=H41)*('기록'!$A:$A>=$B$1)*('기록'!$A:$A<=$B$2)))))) | L41: =IF(H41="","",I41)
A42: =IFERROR(INDEX($N$5:$Q$204,38,1),"") | B42: =IFERROR(INDEX($N$5:$Q$204,38,2),"") | C42: =IFERROR(INDEX($N$5:$Q$204,38,3),"") | D42: =IFERROR(INDEX($N$5:$Q$204,38,4),"") | H42: =IFERROR(INDEX(_xlfn.UNIQUE(_xlfn.FILTER('기록'!$C$2:$C$181,('기록'!$C$2:$C$181<>"")*('기록'!$A$2:$A$181>=$B$1)*('기록'!$A$2:$A$181<=$B$2))),38),"") | I42: =IF(H42="","",COUNTA(_xlfn.UNIQUE(_xlfn.FILTER('기록'!$A:$A,(('기록'!$C:$C=H42)*('기록'!$A:$A>=$B$1)*('기록'!$A:$A<=$B$2)))))) | J42: =IF(H42="","",COUNTIFS('기록'!$C:$C,H42,'기록'!$A:$A,">="&$B$1,'기록'!$A:$A,"<="&$B$2)) | K42: =IF(H42="","",_xlfn.TEXTJOIN(", ",TRUE,_xlfn.UNIQUE(_xlfn.FILTER('기록'!$A:$A,(('기록'!$C:$C=H42)*('기록'!$A:$A>=$B$1)*('기록'!$A:$A<=$B$2)))))) | L42: =IF(H42="","",I42)
A43: =IFERROR(INDEX($N$5:$Q$204,39,1),"") | B43: =IFERROR(INDEX($N$5:$Q$204,39,2),"") | C43: =IFERROR(INDEX($N$5:$Q$204,39,3),"") | D43: =IFERROR(INDEX($N$5:$Q$204,39,4),"") | H43: =IFERROR(INDEX(_xlfn.UNIQUE(_xlfn.FILTER('기록'!$C$2:$C$181,('기록'!$C$2:$C$181<>"")*('기록'!$A$2:$A$181>=$B$1)*('기록'!$A$2:$A$181<=$B$2))),39),"") | I43: =IF(H43="","",COUNTA(_xlfn.UNIQUE(_xlfn.FILTER('기록'!$A:$A,(('기록'!$C:$C=H43)*('기록'!$A:$A>=$B$1)*('기록'!$A:$A<=$B$2)))))) | J43: =IF(H43="","",COUNTIFS('기록'!$C:$C,H43,'기록'!$A:$A,">="&$B$1,'기록'!$A:$A,"<="&$B$2)) | K43: =IF(H43="","",_xlfn.TEXTJOIN(", ",TRUE,_xlfn.UNIQUE(_xlfn.FILTER('기록'!$A:$A,(('기록'!$C:$C=H43)*('기록'!$A:$A>=$B$1)*('기록'!$A:$A<=$B$2)))))) | L43: =IF(H43="","",I43)
A44: =IFERROR(INDEX($N$5:$Q$204,40,1),"") | B44: =IFERROR(INDEX($N$5:$Q$204,40,2),"") | C44: =IFERROR(INDEX($N$5:$Q$204,40,3),"") | D44: =IFERROR(INDEX($N$5:$Q$204,40,4),"") | H44: =IFERROR(INDEX(_xlfn.UNIQUE(_xlfn.FILTER('기록'!$C$2:$C$181,('기록'!$C$2:$C$181<>"")*('기록'!$A$2:$A$181>=$B$1)*('기록'!$A$2:$A$181<=$B$2))),40),"") | I44: =IF(H44="","",COUNTA(_xlfn.UNIQUE(_xlfn.FILTER('기록'!$A:$A,(('기록'!$C:$C=H44)*('기록'!$A:$A>=$B$1)*('기록'!$A:$A<=$B$2)))))) | J44: =IF(H44="","",COUNTIFS('기록'!$C:$C,H44,'기록'!$A:$A,">="&$B$1,'기록'!$A:$A,"<="&$B$2)) | K44: =IF(H44="","",_xlfn.TEXTJOIN(", ",TRUE,_xlfn.UNIQUE(_xlfn.FILTER('기록'!$A:$A,(('기록'!$C:$C=H44)*('기록'!$A:$A>=$B$1)*('기록'!$A:$A<=$B$2)))))) | L44: =IF(H44="","",I44)
A45: =IFERROR(INDEX($N$5:$Q$204,41,1),"") | B45: =IFERROR(INDEX($N$5:$Q$204,41,2),"") | C45: =IFERROR(INDEX($N$5:$Q$204,41,3),"") | D45: =IFERROR(INDEX($N$5:$Q$204,41,4),"") | H45: =IFERROR(INDEX(_xlfn.UNIQUE(_xlfn.FILTER('기록'!$C$2:$C$181,('기록'!$C$2:$C$181<>"")*('기록'!$A$2:$A$181>=$B$1)*('기록'!$A$2:$A$181<=$B$2))),41),"") | I45: =IF(H45="","",COUNTA(_xlfn.UNIQUE(_xlfn.FILTER('기록'!$A:$A,(('기록'!$C:$C=H45)*('기록'!$A:$A>=$B$1)*('기록'!$A:$A<=$B$2)))))) | J45: =IF(H45="","",COUNTIFS('기록'!$C:$C,H45,'기록'!$A:$A,">="&$B$1,'기록'!$A:$A,"<="&$B$2)) | K45: =IF(H45="","",_xlfn.TEXTJOIN(", ",TRUE,_xlfn.UNIQUE(_xlfn.FILTER('기록'!$A:$A,(('기록'!$C:$C=H45)*('기록'!$A:$A>=$B$1)*('기록'!$A:$A<=$B$2)))))) | L45: =IF(H45="","",I45)
A46: =IFERROR(INDEX($N$5:$Q$204,42,1),"") | B46: =IFERROR(INDEX($N$5:$Q$204,42,2),"") | C46: =IFERROR(INDEX($N$5:$Q$204,42,3),"") | D46: =IFERROR(INDEX($N$5:$Q$204,42,4),"") | H46: =IFERROR(INDEX(_xlfn.UNIQUE(_xlfn.FILTER('기록'!$C$2:$C$181,('기록'!$C$2:$C$181<>"")*('기록'!$A$2:$A$181>=$B$1)*('기록'!$A$2:$A$181<=$B$2))),42),"") | I46: =IF(H46="","",COUNTA(_xlfn.UNIQUE(_xlfn.FILTER('기록'!$A:$A,(('기록'!$C:$C=H46)*('기록'!$A:$A>=$B$1)*('기록'!$A:$A<=$B$2)))))) | J46: =IF(H46="","",COUNTIFS('기록'!$C:$C,H46,'기록'!$A:$A,">="&$B$1,'기록'!$A:$A,"<="&$B$2)) | K46: =IF(H46="","",_xlfn.TEXTJOIN(", ",TRUE,_xlfn.UNIQUE(_xlfn.FILTER('기록'!$A:$A,(('기록'!$C:$C=H46)*('기록'!$A:$A>=$B$1)*('기록'!$A:$A<=$B$2)))))) | L46: =IF(H46="","",I46)
A47: =IFERROR(INDEX($N$5:$Q$204,43,1),"") | B47: =IFERROR(INDEX($N$5:$Q$204,43,2),"") | C47: =IFERROR(INDEX($N$5:$Q$204,43,3),"") | D47: =IFERROR(INDEX($N$5:$Q$204,43,4),"") | H47: =IFERROR(INDEX(_xlfn.UNIQUE(_xlfn.FILTER('기록'!$C$2:$C$181,('기록'!$C$2:$C$181<>"")*('기록'!$A$2:$A$181>=$B$1)*('기록'!$A$2:$A$181<=$B$2))),43),"") | I47: =IF(H47="","",COUNTA(_xlfn.UNIQUE(_xlfn.FILTER('기록'!$A:$A,(('기록'!$C:$C=H47)*('기록'!$A:$A>=$B$1)*('기록'!$A:$A<=$B$2)))))) | J47: =IF(H47="","",COUNTIFS('기록'!$C:$C,H47,'기록'!$A:$A,">="&$B$1,'기록'!$A:$A,"<="&$B$2)) | K47: =IF(H47="","",_xlfn.TEXTJOIN(", ",TRUE,_xlfn.UNIQUE(_xlfn.FILTER('기록'!$A:$A,(('기록'!$C:$C=H47)*('기록'!$A:$A>=$B$1)*('기록'!$A:$A<=$B$2)))))) | L47: =IF(H47="","",I47)
A48: =IFERROR(INDEX($N$5:$Q$204,44,1),"") | B48: =IFERROR(INDEX($N$5:$Q$204,44,2),"") | C48: =IFERROR(INDEX($N$5:$Q$204,44,3),"") | D48: =IFERROR(INDEX($N$5:$Q$204,44,4),"") | H48: =IFERROR(INDEX(_xlfn.UNIQUE(_xlfn.FILTER('기록'!$C$2:$C$181,('기록'!$C$2:$C$181<>"")*('기록'!$A$2:$A$181>=$B$1)*('기록'!$A$2:$A$181<=$B$2))),44),"") | I48: =IF(H48="","",COUNTA(_xlfn.UNIQUE(_xlfn.FILTER('기록'!$A:$A,(('기록'!$C:$C=H48)*('기록'!$A:$A>=$B$1)*('기록'!$A:$A<=$B$2)))))) | J48: =IF(H48="","",COUNTIFS('기록'!$C:$C,H48,'기록'!$A:$A,">="&$B$1,'기록'!$A:$A,"<="&$B$2)) | K48: =IF(H48="","",_xlfn.TEXTJOIN(", ",TRUE,_xlfn.UNIQUE(_xlfn.FILTER('기록'!$A:$A,(('기록'!$C:$C=H48)*('기록'!$A:$A>=$B$1)*('기록'!$A:$A<=$B$2)))))) | L48: =IF(H48="","",I48)
A49: =IFERROR(INDEX($N$5:$Q$204,45,1),"") | B49: =IFERROR(INDEX($N$5:$Q$204,45,2),"") | C49: =IFERROR(INDEX($N$5:$Q$204,45,3),"") | D49: =IFERROR(INDEX($N$5:$Q$204,45,4),"") | H49: =IFERROR(INDEX(_xlfn.UNIQUE(_xlfn.FILTER('기록'!$C$2:$C$181,('기록'!$C$2:$C$181<>"")*('기록'!$A$2:$A$181>=$B$1)*('기록'!$A$2:$A$181<=$B$2))),45),"") | I49: =IF(H49="","",COUNTA(_xlfn.UNIQUE(_xlfn.FILTER('기록'!$A:$A,(('기록'!$C:$C=H49)*('기록'!$A:$A>=$B$1)*('기록'!$A:$A<=$B$2)))))) | J49: =IF(H49="","",COUNTIFS('기록'!$C:$C,H49,'기록'!$A:$A,">="&$B$1,'기록'!$A:$A,"<="&$B$2)) | K49: =IF(H49="","",_xlfn.TEXTJOIN(", ",TRUE,_xlfn.UNIQUE(_xlfn.FILTER('기록'!$A:$A,(('기록'!$C:$C=H49)*('기록'!$A:$A>=$B$1)*('기록'!$A:$A<=$B$2)))))) | L49: =IF(H49="","",I49)
A50: =IFERROR(INDEX($N$5:$Q$204,46,1),"") | B50: =IFERROR(INDEX($N$5:$Q$204,46,2),"") | C50: =IFERROR(INDEX($N$5:$Q$204,46,3),"") | D50: =IFERROR(INDEX($N$5:$Q$204,46,4),"") | H50: =IFERROR(INDEX(_xlfn.UNIQUE(_xlfn.FILTER('기록'!$C$2:$C$181,('기록'!$C$2:$C$181<>"")*('기록'!$A$2:$A$181>=$B$1)*('기록'!$A$2:$A$181<=$B$2))),46),"") | I50: =IF(H50="","",COUNTA(_xlfn.UNIQUE(_xlfn.FILTER('기록'!$A:$A,(('기록'!$C:$C=H50)*('기록'!$A:$A>=$B$1)*('기록'!$A:$A<=$B$2)))))) | J50: =IF(H50="","",COUNTIFS('기록'!$C:$C,H50,'기록'!$A:$A,">="&$B$1,'기록'!$A:$A,"<="&$B$2)) | K50: =IF(H50="","",_xlfn.TEXTJOIN(", ",TRUE,_xlfn.UNIQUE(_xlfn.FILTER('기록'!$A:$A,(('기록'!$C:$C=H50)*('기록'!$A:$A>=$B$1)*('기록'!$A:$A<=$B$2)))))) | L50: =IF(H50="","",I50)
A51: =IFERROR(INDEX($N$5:$Q$204,47,1),"") | B51: =IFERROR(INDEX($N$5:$Q$204,47,2),"") | C51: =IFERROR(INDEX($N$5:$Q$204,47,3),"") | D51: =IFERROR(INDEX($N$5:$Q$204,47,4),"") | H51: =IFERROR(INDEX(_xlfn.UNIQUE(_xlfn.FILTER('기록'!$C$2:$C$181,('기록'!$C$2:$C$181<>"")*('기록'!$A$2:$A$181>=$B$1)*('기록'!$A$2:$A$181<=$B$2))),47),"") | I51: =IF(H51="","",COUNTA(_xlfn.UNIQUE(_xlfn.FILTER('기록'!$A:$A,(('기록'!$C:$C=H51)*('기록'!$A:$A>=$B$1)*('기록'!$A:$A<=$B$2)))))) | J51: =IF(H51="","",COUNTIFS('기록'!$C:$C,H51,'기록'!$A:$A,">="&$B$1,'기록'!$A:$A,"<="&$B$2)) | K51: =IF(H51="","",_xlfn.TEXTJOIN(", ",TRUE,_xlfn.UNIQUE(_xlfn.FILTER('기록'!$A:$A,(('기록'!$C:$C=H51)*('기록'!$A:$A>=$B$1)*('기록'!$A:$A<=$B$2)))))) | L51: =IF(H51="","",I51)
A52: =IFERROR(INDEX($N$5:$Q$204,48,1),"") | B52: =IFERROR(INDEX($N$5:$Q$204,48,2),"") | C52: =IFERROR(INDEX($N$5:$Q$204,48,3),"") | D52: =IFERROR(INDEX($N$5:$Q$204,48,4),"") | H52: =IFERROR(INDEX(_xlfn.UNIQUE(_xlfn.FILTER('기록'!$C$2:$C$181,('기록'!$C$2:$C$181<>"")*('기록'!$A$2:$A$181>=$B$1)*('기록'!$A$2:$A$181<=$B$2))),48),"") | I52: =IF(H52="","",COUNTA(_xlfn.UNIQUE(_xlfn.FILTER('기록'!$A:$A,(('기록'!$C:$C=H52)*('기록'!$A:$A>=$B$1)*('기록'!$A:$A<=$B$2)))))) | J52: =IF(H52="","",COUNTIFS('기록'!$C:$C,H52,'기록'!$A:$A,">="&$B$1,'기록'!$A:$A,"<="&$B$2)) | K52: =IF(H52="","",_xlfn.TEXTJOIN(", ",TRUE,_xlfn.UNIQUE(_xlfn.FILTER('기록'!$A:$A,(('기록'!$C:$C=H52)*('기록'!$A:$A>=$B$1)*('기록'!$A:$A<=$B$2)))))) | L52: =IF(H52="","",I52)
A53: =IFERROR(INDEX($N$5:$Q$204,49,1),"") | B53: =IFERROR(INDEX($N$5:$Q$204,49,2),"") | C53: =IFERROR(INDEX($N$5:$Q$204,49,3),"") | D53: =IFERROR(INDEX($N$5:$Q$204,49,4),"") | H53: =IFERROR(INDEX(_xlfn.UNIQUE(_xlfn.FILTER('기록'!$C$2:$C$181,('기록'!$C$2:$C$181<>"")*('기록'!$A$2:$A$181>=$B$1)*('기록'!$A$2:$A$181<=$B$2))),49),"") | I53: =IF(H53="","",COUNTA(_xlfn.UNIQUE(_xlfn.FILTER('기록'!$A:$A,(('기록'!$C:$C=H53)*('기록'!$A:$A>=$B$1)*('기록'!$A:$A<=$B$2)))))) | J53: =IF(H53="","",COUNTIFS('기록'!$C:$C,H53,'기록'!$A:$A,">="&$B$1,'기록'!$A:$A,"<="&$B$2)) | K53: =IF(H53="","",_xlfn.TEXTJOIN(", ",TRUE,_xlfn.UNIQUE(_xlfn.FILTER('기록'!$A:$A,(('기록'!$C:$C=H53)*('기록'!$A:$A>=$B$1)*('기록'!$A:$A<=$B$2)))))) | L53: =IF(H53="","",I53)
A54: =IFERROR(INDEX($N$5:$Q$204,50,1),"") | B54: =IFERROR(INDEX($N$5:$Q$204,50,2),"") | C54: =IFERROR(INDEX($N$5:$Q$204,50,3),"") | D54: =IFERROR(INDEX($N$5:$Q$204,50,4),"") | H54: =IFERROR(INDEX(_xlfn.UNIQUE(_xlfn.FILTER('기록'!$C$2:$C$181,('기록'!$C$2:$C$181<>"")*('기록'!$A$2:$A$181>=$B$1)*('기록'!$A$2:$A$181<=$B$2))),50),"") | I54: =IF(H54="","",COUNTA(_xlfn.UNIQUE(_xlfn.FILTER('기록'!$A:$A,(('기록'!$C:$C=H54)*('기록'!$A:$A>=$B$1)*('기록'!$A:$A<=$B$2)))))) | J54: =IF(H54="","",COUNTIFS('기록'!$C:$C,H54,'기록'!$A:$A,">="&$B$1,'기록'!$A:$A,"<="&$B$2)) | K54: =IF(H54="","",_xlfn.TEXTJOIN(", ",TRUE,_xlfn.UNIQUE(_xlfn.FILTER('기록'!$A:$A,(('기록'!$C:$C=H54)*('기록'!$A:$A>=$B$1)*('기록'!$A:$A<=$B$2)))))) | L54: =IF(H54="","",I54)
A55: =IFERROR(INDEX($N$5:$Q$204,51,1),"") | B55: =IFERROR(INDEX($N$5:$Q$204,51,2),"") | C55: =IFERROR(INDEX($N$5:$Q$204,51,3),"") | D55: =IFERROR(INDEX($N$5:$Q$204,51,4),"") | H55: =IFERROR(INDEX(_xlfn.UNIQUE(_xlfn.FILTER('기록'!$C$2:$C$181,('기록'!$C$2:$C$181<>"")*('기록'!$A$2:$A$181>=$B$1)*('기록'!$A$2:$A$181<=$B$2))),51),"") | I55: =IF(H55="","",COUNTA(_xlfn.UNIQUE(_xlfn.FILTER('기록'!$A:$A,(('기록'!$C:$C=H55)*('기록'!$A:$A>=$B$1)*('기록'!$A:$A<=$B$2)))))) | J55: =IF(H55="","",COUNTIFS('기록'!$C:$C,H55,'기록'!$A:$A,">="&$B$1,'기록'!$A:$A,"<="&$B$2)) | K55: =IF(H55="","",_xlfn.TEXTJOIN(", ",TRUE,_xlfn.UNIQUE(_xlfn.FILTER('기록'!$A:$A,(('기록'!$C:$C=H55)*('기록'!$A:$A>=$B$1)*('기록'!$A:$A<=$B$2)))))) | L55: =IF(H55="","",I55)
A56: =IFERROR(INDEX($N$5:$Q$204,52,1),"") | B56: =IFERROR(INDEX($N$5:$Q$204,52,2),"") | C56: =IFERROR(INDEX($N$5:$Q$204,52,3),"") | D56: =IFERROR(INDEX($N$5:$Q$204,52,4),"") | H56: =IFERROR(INDEX(_xlfn.UNIQUE(_xlfn.FILTER('기록'!$C$2:$C$181,('기록'!$C$2:$C$181<>"")*('기록'!$A$2:$A$181>=$B$1)*('기록'!$A$2:$A$181<=$B$2))),52),"") | I56: =IF(H56="","",COUNTA(_xlfn.UNIQUE(_xlfn.FILTER('기록'!$A:$A,(('기록'!$C:$C=H56)*('기록'!$A:$A>=$B$1)*('기록'!$A:$A<=$B$2)))))) | J56: =IF(H56="","",COUNTIFS('기록'!$C:$C,H56,'기록'!$A:$A,">="&$B$1,'기록'!$A:$A,"<="&$B$2)) | K56: =IF(H56="","",_xlfn.TEXTJOIN(", ",TRUE,_xlfn.UNIQUE(_xlfn.FILTER('기록'!$A:$A,(('기록'!$C:$C=H56)*('기록'!$A:$A>=$B$1)*('기록'!$A:$A<=$B$2)))))) | L56: =IF(H56="","",I56)
A57: =IFERROR(INDEX($N$5:$Q$204,53,1),"") | B57: =IFERROR(INDEX($N$5:$Q$204,53,2),"") | C57: =IFERROR(INDEX($N$5:$Q$204,53,3),"") | D57: =IFERROR(INDEX($N$5:$Q$204,53,4),"") | H57: =IFERROR(INDEX(_xlfn.UNIQUE(_xlfn.FILTER('기록'!$C$2:$C$181,('기록'!$C$2:$C$181<>"")*('기록'!$A$2:$A$181>=$B$1)*('기록'!$A$2:$A$181<=$B$2))),53),"") | I57: =IF(H57="","",COUNTA(_xlfn.UNIQUE(_xlfn.FILTER('기록'!$A:$A,(('기록'!$C:$C=H57)*('기록'!$A:$A>=$B$1)*('기록'!$A:$A<=$B$2)))))) | J57: =IF(H57="","",COUNTIFS('기록'!$C:$C,H57,'기록'!$A:$A,">="&$B$1,'기록'!$A:$A,"<="&$B$2)) | K57: =IF(H57="","",_xlfn.TEXTJOIN(", ",TRUE,_xlfn.UNIQUE(_xlfn.FILTER('기록'!$A:$A,(('기록'!$C:$C=H57)*('기록'!$A:$A>=$B$1)*('기록'!$A:$A<=$B$2)))))) | L57: =IF(H57="","",I57)
A58: =IFERROR(INDEX($N$5:$Q$204,54,1),"") | B58: =IFERROR(INDEX($N$5:$Q$204,54,2),"") | C58: =IFERROR(INDEX($N$5:$Q$204,54,3),"") | D58: =IFERROR(INDEX($N$5:$Q$204,54,4),"") | H58: =IFERROR(INDEX(_xlfn.UNIQUE(_xlfn.FILTER('기록'!$C$2:$C$181,('기록'!$C$2:$C$181<>"")*('기록'!$A$2:$A$181>=$B$1)*('기록'!$A$2:$A$181<=$B$2))),54),"") | I58: =IF(H58="","",COUNTA(_xlfn.UNIQUE(_xlfn.FILTER('기록'!$A:$A,(('기록'!$C:$C=H58)*('기록'!$A:$A>=$B$1)*('기록'!$A:$A<=$B$2)))))) | J58: =IF(H58="","",COUNTIFS('기록'!$C:$C,H58,'기록'!$A:$A,">="&$B$1,'기록'!$A:$A,"<="&$B$2)) | K58: =IF(H58="","",_xlfn.TEXTJOIN(", ",TRUE,_xlfn.UNIQUE(_xlfn.FILTER('기록'!$A:$A,(('기록'!$C:$C=H58)*('기록'!$A:$A>=$B$1)*('기록'!$A:$A<=$B$2)))))) | L58: =IF(H58="","",I58)
A59: =IFERROR(INDEX($N$5:$Q$204,55,1),"") | B59: =IFERROR(INDEX($N$5:$Q$204,55,2),"") | C59: =IFERROR(INDEX($N$5:$Q$204,55,3),"") | D59: =IFERROR(INDEX($N$5:$Q$204,55,4),"") | H59: =IFERROR(INDEX(_xlfn.UNIQUE(_xlfn.FILTER('기록'!$C$2:$C$181,('기록'!$C$2:$C$181<>"")*('기록'!$A$2:$A$181>=$B$1)*('기록'!$A$2:$A$181<=$B$2))),55),"") | I59: =IF(H59="","",COUNTA(_xlfn.UNIQUE(_xlfn.FILTER('기록'!$A:$A,(('기록'!$C:$C=H59)*('기록'!$A:$A>=$B$1)*('기록'!$A:$A<=$B$2)))))) | J59: =IF(H59="","",COUNTIFS('기록'!$C:$C,H59,'기록'!$A:$A,">="&$B$1,'기록'!$A:$A,"<="&$B$2)) | K59: =IF(H59="","",_xlfn.TEXTJOIN(", ",TRUE,_xlfn.UNIQUE(_xlfn.FILTER('기록'!$A:$A,(('기록'!$C:$C=H59)*('기록'!$A:$A>=$B$1)*('기록'!$A:$A<=$B$2)))))) | L59: =IF(H59="","",I59)
A60: =IFERROR(INDEX($N$5:$Q$204,56,1),"") | B60: =IFERROR(INDEX($N$5:$Q$204,56,2),"") | C60: =IFERROR(INDEX($N$5:$Q$204,56,3),"") | D60: =IFERROR(INDEX($N$5:$Q$204,56,4),"") | H60: =IFERROR(INDEX(_xlfn.UNIQUE(_xlfn.FILTER('기록'!$C$2:$C$181,('기록'!$C$2:$C$181<>"")*('기록'!$A$2:$A$181>=$B$1)*('기록'!$A$2:$A$181<=$B$2))),56),"") | I60: =IF(H60="","",COUNTA(_xlfn.UNIQUE(_xlfn.FILTER('기록'!$A:$A,(('기록'!$C:$C=H60)*('기록'!$A:$A>=$B$1)*('기록'!$A:$A<=$B$2)))))) | J60: =IF(H60="","",COUNTIFS('기록'!$C:$C,H60,'기록'!$A:$A,">="&$B$1,'기록'!$A:$A,"<="&$B$2)) | K60: =IF(H60="","",_xlfn.TEXTJOIN(", ",TRUE,_xlfn.UNIQUE(_xlfn.FILTER('기록'!$A:$A,(('기록'!$C:$C=H60)*('기록'!$A:$A>=$B$1)*('기록'!$A:$A<=$B$2)))))) | L60: =IF(H60="","",I60)
A61: =IFERROR(INDEX($N$5:$Q$204,57,1),"") | B61: =IFERROR(INDEX($N$5:$Q$204,57,2),"") | C61: =IFERROR(INDEX($N$5:$Q$204,57,3),"") | D61: =IFERROR(INDEX($N$5:$Q$204,57,4),"") | H61: =IFERROR(INDEX(_xlfn.UNIQUE(_xlfn.FILTER('기록'!$C$2:$C$181,('기록'!$C$2:$C$181<>"")*('기록'!$A$2:$A$181>=$B$1)*('기록'!$A$2:$A$181<=$B$2))),57),"") | I61: =IF(H61="","",COUNTA(_xlfn.UNIQUE(_xlfn.FILTER('기록'!$A:$A,(('기록'!$C:$C=H61)*('기록'!$A:$A>=$B$1)*('기록'!$A:$A<=$B$2)))))) | J61: =IF(H61="","",COUNTIFS('기록'!$C:$C,H61,'기록'!$A:$A,">="&$B$1,'기록'!$A:$A,"<="&$B$2)) | K61: =IF(H61="","",_xlfn.TEXTJOIN(", ",TRUE,_xlfn.UNIQUE(_xlfn.FILTER('기록'!$A:$A,(('기록'!$C:$C=H61)*('기록'!$A:$A>=$B$1)*('기록'!$A:$A<=$B$2)))))) | L61: =IF(H61="","",I61)
A62: =IFERROR(INDEX($N$5:$Q$204,58,1),"") | B62: =IFERROR(INDEX($N$5:$Q$204,58,2),"") | C62: =IFERROR(INDEX($N$5:$Q$204,58,3),"") | D62: =IFERROR(INDEX($N$5:$Q$204,58,4),"") | H62: =IFERROR(INDEX(_xlfn.UNIQUE(_xlfn.FILTER('기록'!$C$2:$C$181,('기록'!$C$2:$C$181<>"")*('기록'!$A$2:$A$181>=$B$1)*('기록'!$A$2:$A$181<=$B$2))),58),"") | I62: =IF(H62="","",COUNTA(_xlfn.UNIQUE(_xlfn.FILTER('기록'!$A:$A,(('기록'!$C:$C=H62)*('기록'!$A:$A>=$B$1)*('기록'!$A:$A<=$B$2)))))) | J62: =IF(H62="","",COUNTIFS('기록'!$C:$C,H62,'기록'!$A:$A,">="&$B$1,'기록'!$A:$A,"<="&$B$2)) | K62: =IF(H62="","",_xlfn.TEXTJOIN(", ",TRUE,_xlfn.UNIQUE(_xlfn.FILTER('기록'!$A:$A,(('기록'!$C:$C=H62)*('기록'!$A:$A>=$B$1)*('기록'!$A:$A<=$B$2)))))) | L62: =IF(H62="","",I62)
A63: =IFERROR(INDEX($N$5:$Q$204,59,1),"") | B63: =IFERROR(INDEX($N$5:$Q$204,59,2),"") | C63: =IFERROR(INDEX($N$5:$Q$204,59,3),"") | D63: =IFERROR(INDEX($N$5:$Q$204,59,4),"") | H63: =IFERROR(INDEX(_xlfn.UNIQUE(_xlfn.FILTER('기록'!$C$2:$C$181,('기록'!$C$2:$C$181<>"")*('기록'!$A$2:$A$181>=$B$1)*('기록'!$A$2:$A$181<=$B$2))),59),"") | I63: =IF(H63="","",COUNTA(_xlfn.UNIQUE(_xlfn.FILTER('기록'!$A:$A,(('기록'!$C:$C=H63)*('기록'!$A:$A>=$B$1)*('기록'!$A:$A<=$B$2)))))) | J63: =IF(H63="","",COUNTIFS('기록'!$C:$C,H63,'기록'!$A:$A,">="&$B$1,'기록'!$A:$A,"<="&$B$2)) | K63: =IF(H63="","",_xlfn.TEXTJOIN(", ",TRUE,_xlfn.UNIQUE(_xlfn.FILTER('기록'!$A:$A,(('기록'!$C:$C=H63)*('기록'!$A:$A>=$B$1)*('기록'!$A:$A<=$B$2)))))) | L63: =IF(H63="","",I63)
A64: =IFERROR(INDEX($N$5:$Q$204,60,1),"") | B64: =IFERROR(INDEX($N$5:$Q$204,60,2),"") | C64: =IFERROR(INDEX($N$5:$Q$204,60,3),"") | D64: =IFERROR(INDEX($N$5:$Q$204,60,4),"") | H64: =IFERROR(INDEX(_xlfn.UNIQUE(_xlfn.FILTER('기록'!$C$2:$C$181,('기록'!$C$2:$C$181<>"")*('기록'!$A$2:$A$181>=$B$1)*('기록'!$A$2:$A$181<=$B$2))),60),"") | I64: =IF(H64="","",COUNTA(_xlfn.UNIQUE(_xlfn.FILTER('기록'!$A:$A,(('기록'!$C:$C=H64)*('기록'!$A:$A>=$B$1)*('기록'!$A:$A<=$B$2)))))) | J64: =IF(H64="","",COUNTIFS('기록'!$C:$C,H64,'기록'!$A:$A,">="&$B$1,'기록'!$A:$A,"<="&$B$2)) | K64: =IF(H64="","",_xlfn.TEXTJOIN(", ",TRUE,_xlfn.UNIQUE(_xlfn.FILTER('기록'!$A:$A,(('기록'!$C:$C=H64)*('기록'!$A:$A>=$B$1)*('기록'!$A:$A<=$B$2)))))) | L64: =IF(H64="","",I64)
A65: =IFERROR(INDEX($N$5:$Q$204,61,1),"") | B65: =IFERROR(INDEX($N$5:$Q$204,61,2),"") | C65: =IFERROR(INDEX($N$5:$Q$204,61,3),"") | D65: =IFERROR(INDEX($N$5:$Q$204,61,4),"") | H65: =IFERROR(INDEX(_xlfn.UNIQUE(_xlfn.FILTER('기록'!$C$2:$C$181,('기록'!$C$2:$C$181<>"")*('기록'!$A$2:$A$181>=$B$1)*('기록'!$A$2:$A$181<=$B$2))),61),"") | I65: =IF(H65="","",COUNTA(_xlfn.UNIQUE(_xlfn.FILTER('기록'!$A:$A,(('기록'!$C:$C=H65)*('기록'!$A:$A>=$B$1)*('기록'!$A:$A<=$B$2)))))) | J65: =IF(H65="","",COUNTIFS('기록'!$C:$C,H65,'기록'!$A:$A,">="&$B$1,'기록'!$A:$A,"<="&$B$2)) | K65: =IF(H65="","",_xlfn.TEXTJOIN(", ",TRUE,_xlfn.UNIQUE(_xlfn.FILTER('기록'!$A:$A,(('기록'!$C:$C=H65)*('기록'!$A:$A>=$B$1)*('기록'!$A:$A<=$B$2)))))) | L65: =IF(H65="","",I65)
A66: =IFERROR(INDEX($N$5:$Q$204,62,1),"") | B66: =IFERROR(INDEX($N$5:$Q$204,62,2),"") | C66: =IFERROR(INDEX($N$5:$Q$204,62,3),"") | D66: =IFERROR(INDEX($N$5:$Q$204,62,4),"") | H66: =IFERROR(INDEX(_xlfn.UNIQUE(_xlfn.FILTER('기록'!$C$2:$C$181,('기록'!$C$2:$C$181<>"")*('기록'!$A$2:$A$181>=$B$1)*('기록'!$A$2:$A$181<=$B$2))),62),"") | I66: =IF(H66="","",COUNTA(_xlfn.UNIQUE(_xlfn.FILTER('기록'!$A:$A,(('기록'!$C:$C=H66)*('기록'!$A:$A>=$B$1)*('기록'!$A:$A<=$B$2)))))) | J66: =IF(H66="","",COUNTIFS('기록'!$C:$C,H66,'기록'!$A:$A,">="&$B$1,'기록'!$A:$A,"<="&$B$2)) | K66: =IF(H66="","",_xlfn.TEXTJOIN(", ",TRUE,_xlfn.UNIQUE(_xlfn.FILTER('기록'!$A:$A,(('기록'!$C:$C=H66)*('기록'!$A:$A>=$B$1)*('기록'!$A:$A<=$B$2)))))) | L66: =IF(H66="","",I66)
A67: =IFERROR(INDEX($N$5:$Q$204,63,1),"") | B67: =IFERROR(INDEX($N$5:$Q$204,63,2),"") | C67: =IFERROR(INDEX($N$5:$Q$204,63,3),"") | D67: =IFERROR(INDEX($N$5:$Q$204,63,4),"") | H67: =IFERROR(INDEX(_xlfn.UNIQUE(_xlfn.FILTER('기록'!$C$2:$C$181,('기록'!$C$2:$C$181<>"")*('기록'!$A$2:$A$181>=$B$1)*('기록'!$A$2:$A$181<=$B$2))),63),"") | I67: =IF(H67="","",COUNTA(_xlfn.UNIQUE(_xlfn.FILTER('기록'!$A:$A,(('기록'!$C:$C=H67)*('기록'!$A:$A>=$B$1)*('기록'!$A:$A<=$B$2)))))) | J67: =IF(H67="","",COUNTIFS('기록'!$C:$C,H67,'기록'!$A:$A,">="&$B$1,'기록'!$A:$A,"<="&$B$2)) | K67: =IF(H67="","",_xlfn.TEXTJOIN(", ",TRUE,_xlfn.UNIQUE(_xlfn.FILTER('기록'!$A:$A,(('기록'!$C:$C=H67)*('기록'!$A:$A>=$B$1)*('기록'!$A:$A<=$B$2)))))) | L67: =IF(H67="","",I67)
A68: =IFERROR(INDEX($N$5:$Q$204,64,1),"") | B68: =IFERROR(INDEX($N$5:$Q$204,64,2),"") | C68: =IFERROR(INDEX($N$5:$Q$204,64,3),"") | D68: =IFERROR(INDEX($N$5:$Q$204,64,4),"") | H68: =IFERROR(INDEX(_xlfn.UNIQUE(_xlfn.FILTER('기록'!$C$2:$C$181,('기록'!$C$2:$C$181<>"")*('기록'!$A$2:$A$181>=$B$1)*('기록'!$A$2:$A$181<=$B$2))),64),"") | I68: =IF(H68="","",COUNTA(_xlfn.UNIQUE(_xlfn.FILTER('기록'!$A:$A,(('기록'!$C:$C=H68)*('기록'!$A:$A>=$B$1)*('기록'!$A:$A<=$B$2)))))) | J68: =IF(H68="","",COUNTIFS('기록'!$C:$C,H68,'기록'!$A:$A,">="&$B$1,'기록'!$A:$A,"<="&$B$2)) | K68: =IF(H68="","",_xlfn.TEXTJOIN(", ",TRUE,_xlfn.UNIQUE(_xlfn.FILTER('기록'!$A:$A,(('기록'!$C:$C=H68)*('기록'!$A:$A>=$B$1)*('기록'!$A:$A<=$B$2)))))) | L68: =IF(H68="","",I68)
A69: =IFERROR(INDEX($N$5:$Q$204,65,1),"") | B69: =IFERROR(INDEX($N$5:$Q$204,65,2),"") | C69: =IFERROR(INDEX($N$5:$Q$204,65,3),"") | D69: =IFERROR(INDEX($N$5:$Q$204,65,4),"") | H69: =IFERROR(INDEX(_xlfn.UNIQUE(_xlfn.FILTER('기록'!$C$2:$C$181,('기록'!$C$2:$C$181<>"")*('기록'!$A$2:$A$181>=$B$1)*('기록'!$A$2:$A$181<=$B$2))),65),"") | I69: =IF(H69="","",COUNTA(_xlfn.UNIQUE(_xlfn.FILTER('기록'!$A:$A,(('기록'!$C:$C=H69)*('기록'!$A:$A>=$B$1)*('기록'!$A:$A<=$B$2)))))) | J69: =IF(H69="","",COUNTIFS('기록'!$C:$C,H69,'기록'!$A:$A,">="&$B$1,'기록'!$A:$A,"<="&$B$2)) | K69: =IF(H69="","",_xlfn.TEXTJOIN(", ",TRUE,_xlfn.UNIQUE(_xlfn.FILTER('기록'!$A:$A,(('기록'!$C:$C=H69)*('기록'!$A:$A>=$B$1)*('기록'!$A:$A<=$B$2)))))) | L69: =IF(H69="","",I69)
A70: =IFERROR(INDEX($N$5:$Q$204,66,1),"") | B70: =IFERROR(INDEX($N$5:$Q$204,66,2),"") | C70: =IFERROR(INDEX($N$5:$Q$204,66,3),"") | D70: =IFERROR(INDEX($N$5:$Q$204,66,4),"") | H70: =IFERROR(INDEX(_xlfn.UNIQUE(_xlfn.FILTER('기록'!$C$2:$C$181,('기록'!$C$2:$C$181<>"")*('기록'!$A$2:$A$181>=$B$1)*('기록'!$A$2:$A$181<=$B$2))),66),"") | I70: =IF(H70="","",COUNTA(_xlfn.UNIQUE(_xlfn.FILTER('기록'!$A:$A,(('기록'!$C:$C=H70)*('기록'!$A:$A>=$B$1)*('기록'!$A:$A<=$B$2)))))) | J70: =IF(H70="","",COUNTIFS('기록'!$C:$C,H70,'기록'!$A:$A,">="&$B$1,'기록'!$A:$A,"<="&$B$2)) | K70: =IF(H70="","",_xlfn.TEXTJOIN(", ",TRUE,_xlfn.UNIQUE(_xlfn.FILTER('기록'!$A:$A,(('기록'!$C:$C=H70)*('기록'!$A:$A>=$B$1)*('기록'!$A:$A<=$B$2)))))) | L70: =IF(H70="","",I70)
A71: =IFERROR(INDEX($N$5:$Q$204,67,1),"") | B71: =IFERROR(INDEX($N$5:$Q$204,67,2),"") | C71: =IFERROR(INDEX($N$5:$Q$204,67,3),"") | D71: =IFERROR(INDEX($N$5:$Q$204,67,4),"") | H71: =IFERROR(INDEX(_xlfn.UNIQUE(_xlfn.FILTER('기록'!$C$2:$C$181,('기록'!$C$2:$C$181<>"")*('기록'!$A$2:$A$181>=$B$1)*('기록'!$A$2:$A$181<=$B$2))),67),"") | I71: =IF(H71="","",COUNTA(_xlfn.UNIQUE(_xlfn.FILTER('기록'!$A:$A,(('기록'!$C:$C=H71)*('기록'!$A:$A>=$B$1)*('기록'!$A:$A<=$B$2)))))) | J71: =IF(H71="","",COUNTIFS('기록'!$C:$C,H71,'기록'!$A:$A,">="&$B$1,'기록'!$A:$A,"<="&$B$2)) | K71: =IF(H71="","",_xlfn.TEXTJOIN(", ",TRUE,_xlfn.UNIQUE(_xlfn.FILTER('기록'!$A:$A,(('기록'!$C:$C=H71)*('기록'!$A:$A>=$B$1)*('기록'!$A:$A<=$B$2)))))) | L71: =IF(H71="","",I71)
A72: =IFERROR(INDEX($N$5:$Q$204,68,1),"") | B72: =IFERROR(INDEX($N$5:$Q$204,68,2),"") | C72: =IFERROR(INDEX($N$5:$Q$204,68,3),"") | D72: =IFERROR(INDEX($N$5:$Q$204,68,4),"") | H72: =IFERROR(INDEX(_xlfn.UNIQUE(_xlfn.FILTER('기록'!$C$2:$C$181,('기록'!$C$2:$C$181<>"")*('기록'!$A$2:$A$181>=$B$1)*('기록'!$A$2:$A$181<=$B$2))),68),"") | I72: =IF(H72="","",COUNTA(_xlfn.UNIQUE(_xlfn.FILTER('기록'!$A:$A,(('기록'!$C:$C=H72)*('기록'!$A:$A>=$B$1)*('기록'!$A:$A<=$B$2)))))) | J72: =IF(H72="","",COUNTIFS('기록'!$C:$C,H72,'기록'!$A:$A,">="&$B$1,'기록'!$A:$A,"<="&$B$2)) | K72: =IF(H72="","",_xlfn.TEXTJOIN(", ",TRUE,_xlfn.UNIQUE(_xlfn.FILTER('기록'!$A:$A,(('기록'!$C:$C=H72)*('기록'!$A:$A>=$B$1)*('기록'!$A:$A<=$B$2)))))) | L72: =IF(H72="","",I72)
A73: =IFERROR(INDEX($N$5:$Q$204,69,1),"") | B73: =IFERROR(INDEX($N$5:$Q$204,69,2),"") | C73: =IFERROR(INDEX($N$5:$Q$204,69,3),"") | D73: =IFERROR(INDEX($N$5:$Q$204,69,4),"") | H73: =IFERROR(INDEX(_xlfn.UNIQUE(_xlfn.FILTER('기록'!$C$2:$C$181,('기록'!$C$2:$C$181<>"")*('기록'!$A$2:$A$181>=$B$1)*('기록'!$A$2:$A$181<=$B$2))),69),"") | I73: =IF(H73="","",COUNTA(_xlfn.UNIQUE(_xlfn.FILTER('기록'!$A:$A,(('기록'!$C:$C=H73)*('기록'!$A:$A>=$B$1)*('기록'!$A:$A<=$B$2)))))) | J73: =IF(H73="","",COUNTIFS('기록'!$C:$C,H73,'기록'!$A:$A,">="&$B$1,'기록'!$A:$A,"<="&$B$2)) | K73: =IF(H73="","",_xlfn.TEXTJOIN(", ",TRUE,_xlfn.UNIQUE(_xlfn.FILTER('기록'!$A:$A,(('기록'!$C:$C=H73)*('기록'!$A:$A>=$B$1)*('기록'!$A:$A<=$B$2)))))) | L73: =IF(H73="","",I73)
A74: =IFERROR(INDEX($N$5:$Q$204,70,1),"") | B74: =IFERROR(INDEX($N$5:$Q$204,70,2),"") | C74: =IFERROR(INDEX($N$5:$Q$204,70,3),"") | D74: =IFERROR(INDEX($N$5:$Q$204,70,4),"") | H74: =IFERROR(INDEX(_xlfn.UNIQUE(_xlfn.FILTER('기록'!$C$2:$C$181,('기록'!$C$2:$C$181<>"")*('기록'!$A$2:$A$181>=$B$1)*('기록'!$A$2:$A$181<=$B$2))),70),"") | I74: =IF(H74="","",COUNTA(_xlfn.UNIQUE(_xlfn.FILTER('기록'!$A:$A,(('기록'!$C:$C=H74)*('기록'!$A:$A>=$B$1)*('기록'!$A:$A<=$B$2)))))) | J74: =IF(H74="","",COUNTIFS('기록'!$C:$C,H74,'기록'!$A:$A,">="&$B$1,'기록'!$A:$A,"<="&$B$2)) | K74: =IF(H74="","",_xlfn.TEXTJOIN(", ",TRUE,_xlfn.UNIQUE(_xlfn.FILTER('기록'!$A:$A,(('기록'!$C:$C=H74)*('기록'!$A:$A>=$B$1)*('기록'!$A:$A<=$B$2)))))) | L74: =IF(H74="","",I74)
A75: =IFERROR(INDEX($N$5:$Q$204,71,1),"") | B75: =IFERROR(INDEX($N$5:$Q$204,71,2),"") | C75: =IFERROR(INDEX($N$5:$Q$204,71,3),"") | D75: =IFERROR(INDEX($N$5:$Q$204,71,4),"") | H75: =IFERROR(INDEX(_xlfn.UNIQUE(_xlfn.FILTER('기록'!$C$2:$C$181,('기록'!$C$2:$C$181<>"")*('기록'!$A$2:$A$181>=$B$1)*('기록'!$A$2:$A$181<=$B$2))),71),"") | I75: =IF(H75="","",COUNTA(_xlfn.UNIQUE(_xlfn.FILTER('기록'!$A:$A,(('기록'!$C:$C=H75)*('기록'!$A:$A>=$B$1)*('기록'!$A:$A<=$B$2)))))) | J75: =IF(H75="","",COUNTIFS('기록'!$C:$C,H75,'기록'!$A:$A,">="&$B$1,'기록'!$A:$A,"<="&$B$2)) | K75: =IF(H75="","",_xlfn.TEXTJOIN(", ",TRUE,_xlfn.UNIQUE(_xlfn.FILTER('기록'!$A:$A,(('기록'!$C:$C=H75)*('기록'!$A:$A>=$B$1)*('기록'!$A:$A<=$B$2)))))) | L75: =IF(H75="","",I75)
A76: =IFERROR(INDEX($N$5:$Q$204,72,1),"") | B76: =IFERROR(INDEX($N$5:$Q$204,72,2),"") | C76: =IFERROR(INDEX($N$5:$Q$204,72,3),"") | D76: =IFERROR(INDEX($N$5:$Q$204,72,4),"") | H76: =IFERROR(INDEX(_xlfn.UNIQUE(_xlfn.FILTER('기록'!$C$2:$C$181,('기록'!$C$2:$C$181<>"")*('기록'!$A$2:$A$181>=$B$1)*('기록'!$A$2:$A$181<=$B$2))),72),"") | I76: =IF(H76="","",COUNTA(_xlfn.UNIQUE(_xlfn.FILTER('기록'!$A:$A,(('기록'!$C:$C=H76)*('기록'!$A:$A>=$B$1)*('기록'!$A:$A<=$B$2)))))) | J76: =IF(H76="","",COUNTIFS('기록'!$C:$C,H76,'기록'!$A:$A,">="&$B$1,'기록'!$A:$A,"<="&$B$2)) | K76: =IF(H76="","",_xlfn.TEXTJOIN(", ",TRUE,_xlfn.UNIQUE(_xlfn.FILTER('기록'!$A:$A,(('기록'!$C:$C=H76)*('기록'!$A:$A>=$B$1)*('기록'!$A:$A<=$B$2)))))) | L76: =IF(H76="","",I76)
A77: =IFERROR(INDEX($N$5:$Q$204,73,1),"") | B77: =IFERROR(INDEX($N$5:$Q$204,73,2),"") | C77: =IFERROR(INDEX($N$5:$Q$204,73,3),"") | D77: =IFERROR(INDEX($N$5:$Q$204,73,4),"") | H77: =IFERROR(INDEX(_xlfn.UNIQUE(_xlfn.FILTER('기록'!$C$2:$C$181,('기록'!$C$2:$C$181<>"")*('기록'!$A$2:$A$181>=$B$1)*('기록'!$A$2:$A$181<=$B$2))),73),"") | I77: =IF(H77="","",COUNTA(_xlfn.UNIQUE(_xlfn.FILTER('기록'!$A:$A,(('기록'!$C:$C=H77)*('기록'!$A:$A>=$B$1)*('기록'!$A:$A<=$B$2)))))) | J77: =IF(H77="","",COUNTIFS('기록'!$C:$C,H77,'기록'!$A:$A,">="&$B$1,'기록'!$A:$A,"<="&$B$2)) | K77: =IF(H77="","",_xlfn.TEXTJOIN(", ",TRUE,_xlfn.UNIQUE(_xlfn.FILTER('기록'!$A:$A,(('기록'!$C:$C=H77)*('기록'!$A:$A>=$B$1)*('기록'!$A:$A<=$B$2)))))) | L77: =IF(H77="","",I77)
A78: =IFERROR(INDEX($N$5:$Q$204,74,1),"") | B78: =IFERROR(INDEX($N$5:$Q$204,74,2),"") | C78: =IFERROR(INDEX($N$5:$Q$204,74,3),"") | D78: =IFERROR(INDEX($N$5:$Q$204,74,4),"") | H78: =IFERROR(INDEX(_xlfn.UNIQUE(_xlfn.FILTER('기록'!$C$2:$C$181,('기록'!$C$2:$C$181<>"")*('기록'!$A$2:$A$181>=$B$1)*('기록'!$A$2:$A$181<=$B$2))),74),"") | I78: =IF(H78="","",COUNTA(_xlfn.UNIQUE(_xlfn.FILTER('기록'!$A:$A,(('기록'!$C:$C=H78)*('기록'!$A:$A>=$B$1)*('기록'!$A:$A<=$B$2)))))) | J78: =IF(H78="","",COUNTIFS('기록'!$C:$C,H78,'기록'!$A:$A,">="&$B$1,'기록'!$A:$A,"<="&$B$2)) | K78: =IF(H78="","",_xlfn.TEXTJOIN(", ",TRUE,_xlfn.UNIQUE(_xlfn.FILTER('기록'!$A:$A,(('기록'!$C:$C=H78)*('기록'!$A:$A>=$B$1)*('기록'!$A:$A<=$B$2)))))) | L78: =IF(H78="","",I78)
A79: =IFERROR(INDEX($N$5:$Q$204,75,1),"") | B79: =IFERROR(INDEX($N$5:$Q$204,75,2),"") | C79: =IFERROR(INDEX($N$5:$Q$204,75,3),"") | D79: =IFERROR(INDEX($N$5:$Q$204,75,4),"") | H79: =IFERROR(INDEX(_xlfn.UNIQUE(_xlfn.FILTER('기록'!$C$2:$C$181,('기록'!$C$2:$C$181<>"")*('기록'!$A$2:$A$181>=$B$1)*('기록'!$A$2:$A$181<=$B$2))),75),"") | I79: =IF(H79="","",COUNTA(_xlfn.UNIQUE(_xlfn.FILTER('기록'!$A:$A,(('기록'!$C:$C=H79)*('기록'!$A:$A>=$B$1)*('기록'!$A:$A<=$B$2)))))) | J79: =IF(H79="","",COUNTIFS('기록'!$C:$C,H79,'기록'!$A:$A,">="&$B$1,'기록'!$A:$A,"<="&$B$2)) | K79: =IF(H79="","",_xlfn.TEXTJOIN(", ",TRUE,_xlfn.UNIQUE(_xlfn.FILTER('기록'!$A:$A,(('기록'!$C:$C=H79)*('기록'!$A:$A>=$B$1)*('기록'!$A:$A<=$B$2)))))) | L79: =IF(H79="","",I79)
A80: =IFERROR(INDEX($N$5:$Q$204,76,1),"") | B80: =IFERROR(INDEX($N$5:$Q$204,76,2),"") | C80: =IFERROR(INDEX($N$5:$Q$204,76,3),"") | D80: =IFERROR(INDEX($N$5:$Q$204,76,4),"") | H80: =IFERROR(INDEX(_xlfn.UNIQUE(_xlfn.FILTER('기록'!$C$2:$C$181,('기록'!$C$2:$C$181<>"")*('기록'!$A$2:$A$181>=$B$1)*('기록'!$A$2:$A$181<=$B$2))),76),"") | I80: =IF(H80="","",COUNTA(_xlfn.UNIQUE(_xlfn.FILTER('기록'!$A:$A,(('기록'!$C:$C=H80)*('기록'!$A:$A>=$B$1)*('기록'!$A:$A<=$B$2)))))) | J80: =IF(H80="","",COUNTIFS('기록'!$C:$C,H80,'기록'!$A:$A,">="&$B$1,'기록'!$A:$A,"<="&$B$2)) | K80: =IF(H80="","",_xlfn.TEXTJOIN(", ",TRUE,_xlfn.UNIQUE(_xlfn.FILTER('기록'!$A:$A,(('기록'!$C:$C=H80)*('기록'!$A:$A>=$B$1)*('기록'!$A:$A<=$B$2)))))) | L80: =IF(H80="","",I80)
A81: =IFERROR(INDEX($N$5:$Q$204,77,1),"") | B81: =IFERROR(INDEX($N$5:$Q$204,77,2),"") | C81: =IFERROR(INDEX($N$5:$Q$204,77,3),"") | D81: =IFERROR(INDEX($N$5:$Q$204,77,4),"") | H81: =IFERROR(INDEX(_xlfn.UNIQUE(_xlfn.FILTER('기록'!$C$2:$C$181,('기록'!$C$2:$C$181<>"")*('기록'!$A$2:$A$181>=$B$1)*('기록'!$A$2:$A$181<=$B$2))),77),"") | I81: =IF(H81="","",COUNTA(_xlfn.UNIQUE(_xlfn.FILTER('기록'!$A:$A,(('기록'!$C:$C=H81)*('기록'!$A:$A>=$B$1)*('기록'!$A:$A<=$B$2)))))) | J81: =IF(H81="","",COUNTIFS('기록'!$C:$C,H81,'기록'!$A:$A,">="&$B$1,'기록'!$A:$A,"<="&$B$2)) | K81: =IF(H81="","",_xlfn.TEXTJOIN(", ",TRUE,_xlfn.UNIQUE(_xlfn.FILTER('기록'!$A:$A,(('기록'!$C:$C=H81)*('기록'!$A:$A>=$B$1)*('기록'!$A:$A<=$B$2)))))) | L81: =IF(H81="","",I81)
A82: =IFERROR(INDEX($N$5:$Q$204,78,1),"") | B82: =IFERROR(INDEX($N$5:$Q$204,78,2),"") | C82: =IFERROR(INDEX($N$5:$Q$204,78,3),"") | D82: =IFERROR(INDEX($N$5:$Q$204,78,4),"") | H82: =IFERROR(INDEX(_xlfn.UNIQUE(_xlfn.FILTER('기록'!$C$2:$C$181,('기록'!$C$2:$C$181<>"")*('기록'!$A$2:$A$181>=$B$1)*('기록'!$A$2:$A$181<=$B$2))),78),"") | I82: =IF(H82="","",COUNTA(_xlfn.UNIQUE(_xlfn.FILTER('기록'!$A:$A,(('기록'!$C:$C=H82)*('기록'!$A:$A>=$B$1)*('기록'!$A:$A<=$B$2)))))) | J82: =IF(H82="","",COUNTIFS('기록'!$C:$C,H82,'기록'!$A:$A,">="&$B$1,'기록'!$A:$A,"<="&$B$2)) | K82: =IF(H82="","",_xlfn.TEXTJOIN(", ",TRUE,_xlfn.UNIQUE(_xlfn.FILTER('기록'!$A:$A,(('기록'!$C:$C=H82)*('기록'!$A:$A>=$B$1)*('기록'!$A:$A<=$B$2)))))) | L82: =IF(H82="","",I82)
A83: =IFERROR(INDEX($N$5:$Q$204,79,1),"") | B83: =IFERROR(INDEX($N$5:$Q$204,79,2),"") | C83: =IFERROR(INDEX($N$5:$Q$204,79,3),"") | D83: =IFERROR(INDEX($N$5:$Q$204,79,4),"") | H83: =IFERROR(INDEX(_xlfn.UNIQUE(_xlfn.FILTER('기록'!$C$2:$C$181,('기록'!$C$2:$C$181<>"")*('기록'!$A$2:$A$181>=$B$1)*('기록'!$A$2:$A$181<=$B$2))),79),"") | I83: =IF(H83="","",COUNTA(_xlfn.UNIQUE(_xlfn.FILTER('기록'!$A:$A,(('기록'!$C:$C=H83)*('기록'!$A:$A>=$B$1)*('기록'!$A:$A<=$B$2)))))) | J83: =IF(H83="","",COUNTIFS('기록'!$C:$C,H83,'기록'!$A:$A,">="&$B$1,'기록'!$A:$A,"<="&$B$2)) | K83: =IF(H83="","",_xlfn.TEXTJOIN(", ",TRUE,_xlfn.UNIQUE(_xlfn.FILTER('기록'!$A:$A,(('기록'!$C:$C=H83)*('기록'!$A:$A>=$B$1)*('기록'!$A:$A<=$B$2)))))) | L83: =IF(H83="","",I83)
A84: =IFERROR(INDEX($N$5:$Q$204,80,1),"") | B84: =IFERROR(INDEX($N$5:$Q$204,80,2),"") | C84: =IFERROR(INDEX($N$5:$Q$204,80,3),"") | D84: =IFERROR(INDEX($N$5:$Q$204,80,4),"") | H84: =IFERROR(INDEX(_xlfn.UNIQUE(_xlfn.FILTER('기록'!$C$2:$C$181,('기록'!$C$2:$C$181<>"")*('기록'!$A$2:$A$181>=$B$1)*('기록'!$A$2:$A$181<=$B$2))),80),"") | I84: =IF(H84="","",COUNTA(_xlfn.UNIQUE(_xlfn.FILTER('기록'!$A:$A,(('기록'!$C:$C=H84)*('기록'!$A:$A>=$B$1)*('기록'!$A:$A<=$B$2)))))) | J84: =IF(H84="","",COUNTIFS('기록'!$C:$C,H84,'기록'!$A:$A,">="&$B$1,'기록'!$A:$A,"<="&$B$2)) | K84: =IF(H84="","",_xlfn.TEXTJOIN(", ",TRUE,_xlfn.UNIQUE(_xlfn.FILTER('기록'!$A:$A,(('기록'!$C:$C=H84)*('기록'!$A:$A>=$B$1)*('기록'!$A:$A<=$B$2)))))) | L84: =IF(H84="","",I84)
A85: =IFERROR(INDEX($N$5:$Q$204,81,1),"") | B85: =IFERROR(INDEX($N$5:$Q$204,81,2),"") | C85: =IFERROR(INDEX($N$5:$Q$204,81,3),"") | D85: =IFERROR(INDEX($N$5:$Q$204,81,4),"") | H85: =IFERROR(INDEX(_xlfn.UNIQUE(_xlfn.FILTER('기록'!$C$2:$C$181,('기록'!$C$2:$C$181<>"")*('기록'!$A$2:$A$181>=$B$1)*('기록'!$A$2:$A$181<=$B$2))),81),"") | I85: =IF(H85="","",COUNTA(_xlfn.UNIQUE(_xlfn.FILTER('기록'!$A:$A,(('기록'!$C:$C=H85)*('기록'!$A:$A>=$B$1)*('기록'!$A:$A<=$B$2)))))) | J85: =IF(H85="","",COUNTIFS('기록'!$C:$C,H85,'기록'!$A:$A,">="&$B$1,'기록'!$A:$A,"<="&$B$2)) | K85: =IF(H85="","",_xlfn.TEXTJOIN(", ",TRUE,_xlfn.UNIQUE(_xlfn.FILTER('기록'!$A:$A,(('기록'!$C:$C=H85)*('기록'!$A:$A>=$B$1)*('기록'!$A:$A<=$B$2)))))) | L85: =IF(H85="","",I85)
A86: =IFERROR(INDEX($N$5:$Q$204,82,1),"") | B86: =IFERROR(INDEX($N$5:$Q$204,82,2),"") | C86: =IFERROR(INDEX($N$5:$Q$204,82,3),"") | D86: =IFERROR(INDEX($N$5:$Q$204,82,4),"") | H86: =IFERROR(INDEX(_xlfn.UNIQUE(_xlfn.FILTER('기록'!$C$2:$C$181,('기록'!$C$2:$C$181<>"")*('기록'!$A$2:$A$181>=$B$1)*('기록'!$A$2:$A$181<=$B$2))),82),"") | I86: =IF(H86="","",COUNTA(_xlfn.UNIQUE(_xlfn.FILTER('기록'!$A:$A,(('기록'!$C:$C=H86)*('기록'!$A:$A>=$B$1)*('기록'!$A:$A<=$B$2)))))) | J86: =IF(H86="","",COUNTIFS('기록'!$C:$C,H86,'기록'!$A:$A,">="&$B$1,'기록'!$A:$A,"<="&$B$2)) | K86: =IF(H86="","",_xlfn.TEXTJOIN(", ",TRUE,_xlfn.UNIQUE(_xlfn.FILTER('기록'!$A:$A,(('기록'!$C:$C=H86)*('기록'!$A:$A>=$B$1)*('기록'!$A:$A<=$B$2)))))) | L86: =IF(H86="","",I86)
A87: =IFERROR(INDEX($N$5:$Q$204,83,1),"") | B87: =IFERROR(INDEX($N$5:$Q$204,83,2),"") | C87: =IFERROR(INDEX($N$5:$Q$204,83,3),"") | D87: =IFERROR(INDEX($N$5:$Q$204,83,4),"") | H87: =IFERROR(INDEX(_xlfn.UNIQUE(_xlfn.FILTER('기록'!$C$2:$C$181,('기록'!$C$2:$C$181<>"")*('기록'!$A$2:$A$181>=$B$1)*('기록'!$A$2:$A$181<=$B$2))),83),"") | I87: =IF(H87="","",COUNTA(_xlfn.UNIQUE(_xlfn.FILTER('기록'!$A:$A,(('기록'!$C:$C=H87)*('기록'!$A:$A>=$B$1)*('기록'!$A:$A<=$B$2)))))) | J87: =IF(H87="","",COUNTIFS('기록'!$C:$C,H87,'기록'!$A:$A,">="&$B$1,'기록'!$A:$A,"<="&$B$2)) | K87: =IF(H87="","",_xlfn.TEXTJOIN(", ",TRUE,_xlfn.UNIQUE(_xlfn.FILTER('기록'!$A:$A,(('기록'!$C:$C=H87)*('기록'!$A:$A>=$B$1)*('기록'!$A:$A<=$B$2)))))) | L87: =IF(H87="","",I87)
A88: =IFERROR(INDEX($N$5:$Q$204,84,1),"") | B88: =IFERROR(INDEX($N$5:$Q$204,84,2),"") | C88: =IFERROR(INDEX($N$5:$Q$204,84,3),"") | D88: =IFERROR(INDEX($N$5:$Q$204,84,4),"") | H88: =IFERROR(INDEX(_xlfn.UNIQUE(_xlfn.FILTER('기록'!$C$2:$C$181,('기록'!$C$2:$C$181<>"")*('기록'!$A$2:$A$181>=$B$1)*('기록'!$A$2:$A$181<=$B$2))),84),"") | I88: =IF(H88="","",COUNTA(_xlfn.UNIQUE(_xlfn.FILTER('기록'!$A:$A,(('기록'!$C:$C=H88)*('기록'!$A:$A>=$B$1)*('기록'!$A:$A<=$B$2)))))) | J88: =IF(H88="","",COUNTIFS('기록'!$C:$C,H88,'기록'!$A:$A,">="&$B$1,'기록'!$A:$A,"<="&$B$2)) | K88: =IF(H88="","",_xlfn.TEXTJOIN(", ",TRUE,_xlfn.UNIQUE(_xlfn.FILTER('기록'!$A:$A,(('기록'!$C:$C=H88)*('기록'!$A:$A>=$B$1)*('기록'!$A:$A<=$B$2)))))) | L88: =IF(H88="","",I88)
A89: =IFERROR(INDEX($N$5:$Q$204,85,1),"") | B89: =IFERROR(INDEX($N$5:$Q$204,85,2),"") | C89: =IFERROR(INDEX($N$5:$Q$204,85,3),"") | D89: =IFERROR(INDEX($N$5:$Q$204,85,4),"") | H89: =IFERROR(INDEX(_xlfn.UNIQUE(_xlfn.FILTER('기록'!$C$2:$C$181,('기록'!$C$2:$C$181<>"")*('기록'!$A$2:$A$181>=$B$1)*('기록'!$A$2:$A$181<=$B$2))),85),"") | I89: =IF(H89="","",COUNTA(_xlfn.UNIQUE(_xlfn.FILTER('기록'!$A:$A,(('기록'!$C:$C=H89)*('기록'!$A:$A>=$B$1)*('기록'!$A:$A<=$B$2)))))) | J89: =IF(H89="","",COUNTIFS('기록'!$C:$C,H89,'기록'!$A:$A,">="&$B$1,'기록'!$A:$A,"<="&$B$2)) | K89: =IF(H89="","",_xlfn.TEXTJOIN(", ",TRUE,_xlfn.UNIQUE(_xlfn.FILTER('기록'!$A:$A,(('기록'!$C:$C=H89)*('기록'!$A:$A>=$B$1)*('기록'!$A:$A<=$B$2)))))) | L89: =IF(H89="","",I89)
A90: =IFERROR(INDEX($N$5:$Q$204,86,1),"") | B90: =IFERROR(INDEX($N$5:$Q$204,86,2),"") | C90: =IFERROR(INDEX($N$5:$Q$204,86,3),"") | D90: =IFERROR(INDEX($N$5:$Q$204,86,4),"") | H90: =IFERROR(INDEX(_xlfn.UNIQUE(_xlfn.FILTER('기록'!$C$2:$C$181,('기록'!$C$2:$C$181<>"")*('기록'!$A$2:$A$181>=$B$1)*('기록'!$A$2:$A$181<=$B$2))),86),"") | I90: =IF(H90="","",COUNTA(_xlfn.UNIQUE(_xlfn.FILTER('기록'!$A:$A,(('기록'!$C:$C=H90)*('기록'!$A:$A>=$B$1)*('기록'!$A:$A<=$B$2)))))) | J90: =IF(H90="","",COUNTIFS('기록'!$C:$C,H90,'기록'!$A:$A,">="&$B$1,'기록'!$A:$A,"<="&$B$2)) | K90: =IF(H90="","",_xlfn.TEXTJOIN(", ",TRUE,_xlfn.UNIQUE(_xlfn.FILTER('기록'!$A:$A,(('기록'!$C:$C=H90)*('기록'!$A:$A>=$B$1)*('기록'!$A:$A<=$B$2)))))) | L90: =IF(H90="","",I90)
A91: =IFERROR(INDEX($N$5:$Q$204,87,1),"") | B91: =IFERROR(INDEX($N$5:$Q$204,87,2),"") | C91: =IFERROR(INDEX($N$5:$Q$204,87,3),"") | D91: =IFERROR(INDEX($N$5:$Q$204,87,4),"") | H91: =IFERROR(INDEX(_xlfn.UNIQUE(_xlfn.FILTER('기록'!$C$2:$C$181,('기록'!$C$2:$C$181<>"")*('기록'!$A$2:$A$181>=$B$1)*('기록'!$A$2:$A$181<=$B$2))),87),"") | I91: =IF(H91="","",COUNTA(_xlfn.UNIQUE(_xlfn.FILTER('기록'!$A:$A,(('기록'!$C:$C=H91)*('기록'!$A:$A>=$B$1)*('기록'!$A:$A<=$B$2)))))) | J91: =IF(H91="","",COUNTIFS('기록'!$C:$C,H91,'기록'!$A:$A,">="&$B$1,'기록'!$A:$A,"<="&$B$2)) | K91: =IF(H91="","",_xlfn.TEXTJOIN(", ",TRUE,_xlfn.UNIQUE(_xlfn.FILTER('기록'!$A:$A,(('기록'!$C:$C=H91)*('기록'!$A:$A>=$B$1)*('기록'!$A:$A<=$B$2)))))) | L91: =IF(H91="","",I91)
A92: =IFERROR(INDEX($N$5:$Q$204,88,1),"") | B92: =IFERROR(INDEX($N$5:$Q$204,88,2),"") | C92: =IFERROR(INDEX($N$5:$Q$204,88,3),"") | D92: =IFERROR(INDEX($N$5:$Q$204,88,4),"") | H92: =IFERROR(INDEX(_xlfn.UNIQUE(_xlfn.FILTER('기록'!$C$2:$C$181,('기록'!$C$2:$C$181<>"")*('기록'!$A$2:$A$181>=$B$1)*('기록'!$A$2:$A$181<=$B$2))),88),"") | I92: =IF(H92="","",COUNTA(_xlfn.UNIQUE(_xlfn.FILTER('기록'!$A:$A,(('기록'!$C:$C=H92)*('기록'!$A:$A>=$B$1)*('기록'!$A:$A<=$B$2)))))) | J92: =IF(H92="","",COUNTIFS('기록'!$C:$C,H92,'기록'!$A:$A,">="&$B$1,'기록'!$A:$A,"<="&$B$2)) | K92: =IF(H92="","",_xlfn.TEXTJOIN(", ",TRUE,_xlfn.UNIQUE(_xlfn.FILTER('기록'!$A:$A,(('기록'!$C:$C=H92)*('기록'!$A:$A>=$B$1)*('기록'!$A:$A<=$B$2)))))) | L92: =IF(H92="","",I92)
A93: =IFERROR(INDEX($N$5:$Q$204,89,1),"") | B93: =IFERROR(INDEX($N$5:$Q$204,89,2),"") | C93: =IFERROR(INDEX($N$5:$Q$204,89,3),"") | D93: =IFERROR(INDEX($N$5:$Q$204,89,4),"") | H93: =IFERROR(INDEX(_xlfn.UNIQUE(_xlfn.FILTER('기록'!$C$2:$C$181,('기록'!$C$2:$C$181<>"")*('기록'!$A$2:$A$181>=$B$1)*('기록'!$A$2:$A$181<=$B$2))),89),"") | I93: =IF(H93="","",COUNTA(_xlfn.UNIQUE(_xlfn.FILTER('기록'!$A:$A,(('기록'!$C:$C=H93)*('기록'!$A:$A>=$B$1)*('기록'!$A:$A<=$B$2)))))) | J93: =IF(H93="","",COUNTIFS('기록'!$C:$C,H93,'기록'!$A:$A,">="&$B$1,'기록'!$A:$A,"<="&$B$2)) | K93: =IF(H93="","",_xlfn.TEXTJOIN(", ",TRUE,_xlfn.UNIQUE(_xlfn.FILTER('기록'!$A:$A,(('기록'!$C:$C=H93)*('기록'!$A:$A>=$B$1)*('기록'!$A:$A<=$B$2)))))) | L93: =IF(H93="","",I93)
A94: =IFERROR(INDEX($N$5:$Q$204,90,1),"") | B94: =IFERROR(INDEX($N$5:$Q$204,90,2),"") | C94: =IFERROR(INDEX($N$5:$Q$204,90,3),"") | D94: =IFERROR(INDEX($N$5:$Q$204,90,4),"") | H94: =IFERROR(INDEX(_xlfn.UNIQUE(_xlfn.FILTER('기록'!$C$2:$C$181,('기록'!$C$2:$C$181<>"")*('기록'!$A$2:$A$181>=$B$1)*('기록'!$A$2:$A$181<=$B$2))),90),"") | I94: =IF(H94="","",COUNTA(_xlfn.UNIQUE(_xlfn.FILTER('기록'!$A:$A,(('기록'!$C:$C=H94)*('기록'!$A:$A>=$B$1)*('기록'!$A:$A<=$B$2)))))) | J94: =IF(H94="","",COUNTIFS('기록'!$C:$C,H94,'기록'!$A:$A,">="&$B$1,'기록'!$A:$A,"<="&$B$2)) | K94: =IF(H94="","",_xlfn.TEXTJOIN(", ",TRUE,_xlfn.UNIQUE(_xlfn.FILTER('기록'!$A:$A,(('기록'!$C:$C=H94)*('기록'!$A:$A>=$B$1)*('기록'!$A:$A<=$B$2)))))) | L94: =IF(H94="","",I94)
A95: =IFERROR(INDEX($N$5:$Q$204,91,1),"") | B95: =IFERROR(INDEX($N$5:$Q$204,91,2),"") | C95: =IFERROR(INDEX($N$5:$Q$204,91,3),"") | D95: =IFERROR(INDEX($N$5:$Q$204,91,4),"") | H95: =IFERROR(INDEX(_xlfn.UNIQUE(_xlfn.FILTER('기록'!$C$2:$C$181,('기록'!$C$2:$C$181<>"")*('기록'!$A$2:$A$181>=$B$1)*('기록'!$A$2:$A$181<=$B$2))),91),"") | I95: =IF(H95="","",COUNTA(_xlfn.UNIQUE(_xlfn.FILTER('기록'!$A:$A,(('기록'!$C:$C=H95)*('기록'!$A:$A>=$B$1)*('기록'!$A:$A<=$B$2)))))) | J95: =IF(H95="","",COUNTIFS('기록'!$C:$C,H95,'기록'!$A:$A,">="&$B$1,'기록'!$A:$A,"<="&$B$2)) | K95: =IF(H95="","",_xlfn.TEXTJOIN(", ",TRUE,_xlfn.UNIQUE(_xlfn.FILTER('기록'!$A:$A,(('기록'!$C:$C=H95)*('기록'!$A:$A>=$B$1)*('기록'!$A:$A<=$B$2)))))) | L95: =IF(H95="","",I95)
A96: =IFERROR(INDEX($N$5:$Q$204,92,1),"") | B96: =IFERROR(INDEX($N$5:$Q$204,92,2),"") | C96: =IFERROR(INDEX($N$5:$Q$204,92,3),"") | D96: =IFERROR(INDEX($N$5:$Q$204,92,4),"") | H96: =IFERROR(INDEX(_xlfn.UNIQUE(_xlfn.FILTER('기록'!$C$2:$C$181,('기록'!$C$2:$C$181<>"")*('기록'!$A$2:$A$181>=$B$1)*('기록'!$A$2:$A$181<=$B$2))),92),"") | I96: =IF(H96="","",COUNTA(_xlfn.UNIQUE(_xlfn.FILTER('기록'!$A:$A,(('기록'!$C:$C=H96)*('기록'!$A:$A>=$B$1)*('기록'!$A:$A<=$B$2)))))) | J96: =IF(H96="","",COUNTIFS('기록'!$C:$C,H96,'기록'!$A:$A,">="&$B$1,'기록'!$A:$A,"<="&$B$2)) | K96: =IF(H96="","",_xlfn.TEXTJOIN(", ",TRUE,_xlfn.UNIQUE(_xlfn.FILTER('기록'!$A:$A,(('기록'!$C:$C=H96)*('기록'!$A:$A>=$B$1)*('기록'!$A:$A<=$B$2)))))) | L96: =IF(H96="","",I96)
A97: =IFERROR(INDEX($N$5:$Q$204,93,1),"") | B97: =IFERROR(INDEX($N$5:$Q$204,93,2),"") | C97: =IFERROR(INDEX($N$5:$Q$204,93,3),"") | D97: =IFERROR(INDEX($N$5:$Q$204,93,4),"") | H97: =IFERROR(INDEX(_xlfn.UNIQUE(_xlfn.FILTER('기록'!$C$2:$C$181,('기록'!$C$2:$C$181<>"")*('기록'!$A$2:$A$181>=$B$1)*('기록'!$A$2:$A$181<=$B$2))),93),"") | I97: =IF(H97="","",COUNTA(_xlfn.UNIQUE(_xlfn.FILTER('기록'!$A:$A,(('기록'!$C:$C=H97)*('기록'!$A:$A>=$B$1)*('기록'!$A:$A<=$B$2)))))) | J97: =IF(H97="","",COUNTIFS('기록'!$C:$C,H97,'기록'!$A:$A,">="&$B$1,'기록'!$A:$A,"<="&$B$2)) | K97: =IF(H97="","",_xlfn.TEXTJOIN(", ",TRUE,_xlfn.UNIQUE(_xlfn.FILTER('기록'!$A:$A,(('기록'!$C:$C=H97)*('기록'!$A:$A>=$B$1)*('기록'!$A:$A<=$B$2)))))) | L97: =IF(H97="","",I97)
A98: =IFERROR(INDEX($N$5:$Q$204,94,1),"") | B98: =IFERROR(INDEX($N$5:$Q$204,94,2),"") | C98: =IFERROR(INDEX($N$5:$Q$204,94,3),"") | D98: =IFERROR(INDEX($N$5:$Q$204,94,4),"") | H98: =IFERROR(INDEX(_xlfn.UNIQUE(_xlfn.FILTER('기록'!$C$2:$C$181,('기록'!$C$2:$C$181<>"")*('기록'!$A$2:$A$181>=$B$1)*('기록'!$A$2:$A$181<=$B$2))),94),"") | I98: =IF(H98="","",COUNTA(_xlfn.UNIQUE(_xlfn.FILTER('기록'!$A:$A,(('기록'!$C:$C=H98)*('기록'!$A:$A>=$B$1)*('기록'!$A:$A<=$B$2)))))) | J98: =IF(H98="","",COUNTIFS('기록'!$C:$C,H98,'기록'!$A:$A,">="&$B$1,'기록'!$A:$A,"<="&$B$2)) | K98: =IF(H98="","",_xlfn.TEXTJOIN(", ",TRUE,_xlfn.UNIQUE(_xlfn.FILTER('기록'!$A:$A,(('기록'!$C:$C=H98)*('기록'!$A:$A>=$B$1)*('기록'!$A:$A<=$B$2)))))) | L98: =IF(H98="","",I98)
A99: =IFERROR(INDEX($N$5:$Q$204,95,1),"") | B99: =IFERROR(INDEX($N$5:$Q$204,95,2),"") | C99: =IFERROR(INDEX($N$5:$Q$204,95,3),"") | D99: =IFERROR(INDEX($N$5:$Q$204,95,4),"") | H99: =IFERROR(INDEX(_xlfn.UNIQUE(_xlfn.FILTER('기록'!$C$2:$C$181,('기록'!$C$2:$C$181<>"")*('기록'!$A$2:$A$181>=$B$1)*('기록'!$A$2:$A$181<=$B$2))),95),"") | I99: =IF(H99="","",COUNTA(_xlfn.UNIQUE(_xlfn.FILTER('기록'!$A:$A,(('기록'!$C:$C=H99)*('기록'!$A:$A>=$B$1)*('기록'!$A:$A<=$B$2)))))) | J99: =IF(H99="","",COUNTIFS('기록'!$C:$C,H99,'기록'!$A:$A,">="&$B$1,'기록'!$A:$A,"<="&$B$2)) | K99: =IF(H99="","",_xlfn.TEXTJOIN(", ",TRUE,_xlfn.UNIQUE(_xlfn.FILTER('기록'!$A:$A,(('기록'!$C:$C=H99)*('기록'!$A:$A>=$B$1)*('기록'!$A:$A<=$B$2)))))) | L99: =IF(H99="","",I99)
A100: =IFERROR(INDEX($N$5:$Q$204,96,1),"") | B100: =IFERROR(INDEX($N$5:$Q$204,96,2),"") | C100: =IFERROR(INDEX($N$5:$Q$204,96,3),"") | D100: =IFERROR(INDEX($N$5:$Q$204,96,4),"") | H100: =IFERROR(INDEX(_xlfn.UNIQUE(_xlfn.FILTER('기록'!$C$2:$C$181,('기록'!$C$2:$C$181<>"")*('기록'!$A$2:$A$181>=$B$1)*('기록'!$A$2:$A$181<=$B$2))),96),"") | I100: =IF(H100="","",COUNTA(_xlfn.UNIQUE(_xlfn.FILTER('기록'!$A:$A,(('기록'!$C:$C=H100)*('기록'!$A:$A>=$B$1)*('기록'!$A:$A<=$B$2)))))) | J100: =IF(H100="","",COUNTIFS('기록'!$C:$C,H100,'기록'!$A:$A,">="&$B$1,'기록'!$A:$A,"<="&$B$2)) | K100: =IF(H100="","",_xlfn.TEXTJOIN(", ",TRUE,_xlfn.UNIQUE(_xlfn.FILTER('기록'!$A:$A,(('기록'!$C:$C=H100)*('기록'!$A:$A>=$B$1)*('기록'!$A:$A<=$B$2)))))) | L100: =IF(H100="","",I100)
...

Sheet 사용법
A1: MNF 승점·출석 엑셀 템플릿
A3: ■ Microsoft Excel 365 필요 (UNIQUE, FILTER, SORTBY)
A5: ■ 게임기록 — B1 날짜, 9게임×20행 입력
A6: ■ 기록 — 자동 집계 (180행, 수정하지 마세요)
A7: ■ 승점순위 — B1~B2 기간, 총점 순 정렬
A8: ■ 출석 — 방문·게임·날짜 목록, 방문 순 정렬
